id,idx,date,domain,confidence,score,reasons,url,description_head
9wbyt4,266,2026-05-03,crypto.news,medium,6,nav_content_site|truncated_tail,https://crypto.news/coinbase-says-crypto-bill-deal-clears-senate-path/,Read more: Bitcoin critic Warren Buffett warns crypto traders on risky bets Read more about Coinbase US Senate Load More Best crypto platforms May 2026 Explore Deep Dives Opinion Read more Crypto conference season looked loud in 2025 but it barely made a dent 
i867om,225,2026-05-04,crypto.news,medium,6,nav_content_site|truncated_tail,https://crypto.news/kraken-parent-sues-ex-custodian-etana-over-alleged-25m-ponzi-scheme/,"Read more: Bitmine adds 101,745 ETH as holdings hit 5.18m tokens Read more about Cryptocurrency DeFi Exchange Load More Best crypto platforms May 2026 Explore Deep Dives Opinion Read more Crypto conference season looked loud in 2025 but it barely made a dent i"
7sabuz,212,2026-05-05,crypto.news,medium,6,nav_content_site|truncated_tail,https://crypto.news/moscow-exchange-bets-bigger-on-crypto-with-sol-xrp-trx-and-bnb-indexes/,"Read more: Tom Lee says crypto market recovery has begun Read more about Altcoin BNB Exchange Russia Solana Tron XRP Load More XRP $1.44 24h Volume $3,662,516,087 Market Cap $89,202,014,303 24h Low/High $1.42 / $1.50 24h 1.26% 7d 2.35% Best crypto platforms Ma"
eugtte,213,2026-05-05,crypto.news,medium,6,nav_content_site|truncated_tail,https://crypto.news/uphold-rejects-nyag-claims-after-5m-credearn-settlement/,Read more: Bank groups challenge Senator Thom Tillis over stablecoin proposal Read more about New York settlement Load More Best crypto platforms May 2026 Explore Deep Dives Opinion Read more Crypto conference season looked loud in 2025 but it barely made a de
7ej0an,116,2026-05-06,crypto.news,medium,6,nav_content_site|truncated_tail,https://crypto.news/eric-trump-blasts-jpmorgan-bitcoin-reversal/,Read more: Arthur Hayes pegs Zcash target at 10% of Bitcoin price Read more about Bitcoin Cryptocurrency JP Morgan Load More Best crypto platforms May 2026 Explore Deep Dives Opinion Read more Crypto conference season looked loud in 2025 but it barely made a d
iorh9a,118,2026-05-06,crypto.news,medium,6,nav_content_site|truncated_tail,https://crypto.news/gillibrand-talks-crypto-law-at-consensus-miami/,Read more: IBM expands enterprise AI platform tools with new agent capabilities Read more about AI Crypto assets Regulation Load More Best crypto platforms May 2026 Explore Deep Dives Opinion Read more Crypto conference season looked loud in 2025 but it barely
jgfnw7,106,2026-05-07,crypto.news,medium,6,nav_content_site|truncated_tail,https://crypto.news/jpmorgan-mastercard-and-ripple-test-tokenized-treasury-settlement-on-xrpl/,Read more: Kevin O’Leary launches Stratos to beat China Read more about JP Morgan Mastercard RippleNet Tokenization Load More Best crypto platforms May 2026 Explore Deep Dives Opinion Read more Crypto conference season looked loud in 2025 but it barely made a 
u5a9p5,91,2026-05-07,crypto.news,medium,6,nav_content_site|truncated_tail,https://crypto.news/zachxbt-accuses-lab-founder-of-cex-manipulation-that-harms-retail-investors/,Read more: Reform UK faces scrutiny over Farage’s £5M gift from crypto billionaire Read more about DeFi Exchange Сrypto hack Load More Best crypto platforms May 2026 Explore Deep Dives Opinion Read more Crypto conference season looked loud in 2025 but it barel
1j1f1k,16,2026-05-09,crypto.news,medium,6,nav_content_site|truncated_tail,https://crypto.news/banks-try-to-kill-the-clarity-act/,Read more: Kalshi valuation reaches $22bn after Coatue raise Read more about bank Cryptocurrency Stablecoin Load More Best crypto platforms May 2026 Explore Deep Dives Opinion Read more Crypto conference season looked loud in 2025 but it barely made a dent in 
bfv3d9,19,2026-05-09,crypto.news,medium,6,nav_content_site|truncated_tail,https://crypto.news/amazon-lets-ai-bots-pay-in-usdc-via-coinbase-x402/,Read more: Meta’s USDC pilot draws fire as Senator Warren demands stablecoin transparency Read more about AI Amazon Coinbase Load More Best crypto platforms May 2026 Explore Deep Dives Opinion Read more Crypto conference season looked loud in 2025 but it barel
c820ic,377,2026-04-21,coingeek.com,medium,4,nav_content_site,https://coingeek.com/ecb-backs-centralized-oversight-of-major-crypto-firms/,"The European Central Bank published a formal opinion on April 9 endorsing the European Commission's December 2025 ""Market Integration and Supervision"" package, which proposes transferring authorization, monitoring, and enforcement powers over crypto-asset serv"
3mnlvq,288,2026-05-01,crypto.news,medium,4,nav_content_site,https://crypto.news/ripple-investors-turn-to-new-profit-opportunities-with-shrminer-offering-returns-of-up-to-57000-per-month/,"Apr 5, 2026 at 4:30 PM UTC Opinion Read more SEC & CFTC issued regulatory clarity | Opinion SEC & CFTC issued regulatory clarity | Opinion Apr 3, 2026 at 2:54 PM UTC Related News Previous Next Sponsored Read more Best Crypto Exchange Tokens 2026: BlockchainFX "
8unp5m,280,2026-05-01,crypto.news,medium,4,nav_content_site,https://crypto.news/why-brad-garlinghouse-still-backs-clarity-act/,Read more: Curve’s new bad‑debt pools turn losses into tradable claims Read more about Brad Garlinghouse Cryptocurrency RippleNet Load More Best crypto platforms May 2026 Explore Deep Dives Opinion Read more Crypto conference season looked loud in 2025 but it 
kip7ud,287,2026-05-01,crypto.news,medium,4,nav_content_site,https://crypto.news/bithumb-wins-court-stay-on-six-month-korea-fiu-suspension/,Read more: Fun raises $72m to wire fiat and crypto into the same checkout Read more about Cryptocurrency DeFi Exchange Load More Best crypto platforms May 2026 Explore Deep Dives Opinion Read more Crypto conference season looked loud in 2025 but it barely made
qbj9px,284,2026-05-01,crypto.news,medium,4,nav_content_site,https://crypto.news/banks-push-back-on-genius-act-stablecoin-rules/,"Apr 5, 2026 at 4:30 PM UTC Opinion Read more SEC & CFTC issued regulatory clarity | Opinion SEC & CFTC issued regulatory clarity | Opinion Apr 3, 2026 at 2:54 PM UTC Related News Previous Next News Read more Tokenized gold volume hits $90.7B in Q1, beats all 2"
rif1mq,282,2026-05-01,crypto.news,medium,4,nav_content_site,https://crypto.news/openai-microsoft-exclusivity-ends-after-seven-years/,Read more: Coinbase CUSHY fund brings institutional credit on-chain ahead of Q2 launch Read more about exclude-news Google Microsoft OpenAI Load More Best crypto platforms May 2026 Explore Deep Dives Opinion Read more Crypto conference season looked loud in 20
n3hnwo,271,2026-05-02,crypto.news,medium,4,nav_content_site,https://crypto.news/sec-schedules-clarity-act-roundtable-in-may/,Read more: Why Brad Garlinghouse believes the CLARITY Act will pass in May despite missing two deadlines Read more about Banking Regulation SEC Load More Best crypto platforms May 2026 Explore Deep Dives Opinion Read more Crypto conference season looked loud i
9gtqse,268,2026-05-03,crypto.news,medium,4,nav_content_site,https://crypto.news/iran-crypto-giant-nobitex-hit-by-sanctions-questions-reuters/,Read more: CISA adds Linux Copy Fail flaw to exploited bug list Read more about Exchange Iran sanctions Load More Best crypto platforms May 2026 Explore Deep Dives Opinion Read more Crypto conference season looked loud in 2025 but it barely made a dent in cryp
9lqy0e,269,2026-05-03,crypto.news,medium,4,nav_content_site,https://crypto.news/new-york-secures-5m-from-uphold-over-credearn-promotion/,Read more: Ethereum Foundation sends 10K ETH to BitMine again Read more about CFTC China Loan New York Load More Best crypto platforms May 2026 Explore Deep Dives Opinion Read more Crypto conference season looked loud in 2025 but it barely made a dent in crypt
ptkja6,264,2026-05-03,crypto.news,medium,4,nav_content_site,https://crypto.news/crypto-market-recap-what-happened-today-5/,"Apr 5, 2026 at 4:30 PM UTC Opinion Read more SEC & CFTC issued regulatory clarity | Opinion SEC & CFTC issued regulatory clarity | Opinion Apr 3, 2026 at 2:54 PM UTC Related News Previous Next News Read more Garlinghouse defends Clarity Act Senate momentum Gar"
63cktg,254,2026-05-04,crypto.news,medium,4,nav_content_site,https://crypto.news/anthropic-lines-up-1-5b-ai-venture-with-blackstone-goldman-sachs/,Read more: North Korea denies TRM Labs data tying it to major crypto hacks Read more about Adoption AI exclude-news Investment Partnership Load More Best crypto platforms May 2026 Explore Deep Dives Opinion Read more Crypto conference season looked loud in 202
6c6h7j,243,2026-05-04,crypto.news,medium,4,nav_content_site,https://crypto.news/bitget-cfd-daily-volume-hits-record-8b-on-gold-surge/,Read more: WLFI sues Justin Sun over alleged smear campaign to crash token price Read more about Bitget Crypto assets Exchange Load More Best crypto platforms May 2026 Explore Deep Dives Opinion Read more Crypto conference season looked loud in 2025 but it bar
asazgg,226,2026-05-04,crypto.news,medium,4,nav_content_site,https://crypto.news/why-brian-armstrong-said-mark-it-up-on-clarity-act/,Read more: World Liberty Financial sues Justin Sun for defamation after his fraud claims go viral Read more about Coinbase Cryptocurrency Stablecoin Load More Best crypto platforms May 2026 Explore Deep Dives Opinion Read more Crypto conference season looked l
gcvd39,221,2026-05-04,crypto.news,medium,4,nav_content_site,https://crypto.news/morgan-stanley-says-bitcoin-on-bank-balance-sheets/,"Read more: BTC/XRP rebounds, but more and more people are changing their participation methods Read more about bank Bitcoin United States Load More Best crypto platforms May 2026 Explore Deep Dives Opinion Read more Crypto conference season looked loud in 2025"
jfq08d,252,2026-05-04,unchainedcrypto.com,medium,4,nav_content_site,https://unchainedcrypto.com/senators-release-clarity-act-stablecoin-yield-compromise-as-white-house-pushes-for-may-markup/,"Posted in: Regulation Tagged in: CLARITY Act Coinbase Patrick Witt stablecoins yahoo Load More SIGN UP FOR OUR NEWSLETTER Get daily crypto updates with our free newsletter: news, episodes, market updates, recommended reads, and memes. Senators Thom Tillis (R-N"
l3k8b,239,2026-05-04,crypto.news,medium,4,nav_content_site,https://crypto.news/defi-development-launches-200m-atm-to-keep-buying-solana/,"Read more: Bitmine adds 101,745 ETH as holdings hit 5.18m tokens Read more about Crypto assets DeFi Exchange Load More Solana $94.64 24h Volume $4,581,764,406 Market Cap $54,671,838,665 24h Low/High $93.16 / $96.78 24h 0.81% 7d 11.5% Best crypto platforms May "
li3omu,248,2026-05-04,crypto.news,medium,4,nav_content_site,https://crypto.news/bitget-and-wiw3ch-expand-blockchain4her-for-women-in-web3/,Read more about Crypto assets DeFi Exchange Load More Best crypto platforms May 2026 Explore Deep Dives Opinion Read more Crypto conference season looked loud in 2025 but it barely made a dent in crypto media traffic Crypto conference season looked loud in 202
qbcqaa,247,2026-05-04,crypto.news,medium,4,nav_content_site,https://crypto.news/korean-crypto-exchanges-push-back-against-strict-10m-won-aml-trigger/,Read more: SAP to acquire Prior Labs in push to scale tabular AI capabilities Read more about Crypto assets DeFiLlama Exchange Load More Best crypto platforms May 2026 Explore Deep Dives Opinion Read more Crypto conference season looked loud in 2025 but it bar
rpb10h,246,2026-05-04,crypto.news,medium,4,nav_content_site,https://crypto.news/western-union-brings-usdpt-to-solana-in-global-payments-push/,2 hours ago News Read more MoonPay says stablecoin regulation opened the door but infrastructure must follow MoonPay says stablecoin regulation opened the door but infrastructure must follow 2 days ago News Read more US banks reject CLARITY Act stablecoin deal
sqqvvg,259,2026-05-04,crypto.news,medium,4,nav_content_site,https://crypto.news/cftc-prediction-market-rules-spark-industry-debate/,Read more: Strategy Invests $2.57 Billion in Bitcoin as AJC Mining Launches New Bitcoin Cloud Mining Contracts Read more about CFTC Polymarket Prediction Load More Best crypto platforms May 2026 Explore Deep Dives Opinion Read more Crypto conference season loo
ul280e,250,2026-05-04,crypto.news,medium,4,nav_content_site,https://crypto.news/hut-8-unlocks-260m-in-bitcoin-as-it-refinances-200m-falconx-loan/,"Read more about Bitcoin DeFi Exchange Load More Bitcoin $80,678.00 24h Volume $34,181,332,275 Market Cap $1,615,033,237,089 24h Low/High $80,520.00 / $82,348.00 24h -0.2% 7d 0.95% Best crypto platforms May 2026 Explore Deep Dives Opinion Read more Crypto confe"
8b3kea,211,2026-05-05,crypto.news,medium,4,nav_content_site,https://crypto.news/strive-pushes-past-15000-btc-with-fresh-33-9m-bitcoin-buy/,Read more: Tom Lee says crypto market recovery has begun Read more about Bitcoin Bitcoin Treasury Load More Best crypto platforms May 2026 Explore Deep Dives Opinion Read more Crypto conference season looked loud in 2025 but it barely made a dent in crypto med
fj8nl5,175,2026-05-05,crypto.news,medium,4,nav_content_site,https://crypto.news/garlinghouse-defends-clarity-act-shift/,"Read more: Bitcoin surges above $80,000 on $629m ETF inflows: AJC Mining offers free cloud mining, helping users boost their earnings potential Read more about Brad Garlinghouse crypto.news weekly recap Cryptocurrency Load More Best crypto platforms May 2026 E"
hhf55v,207,2026-05-05,crypto.news,medium,4,nav_content_site,https://crypto.news/ripple-begins-sharing-dprk-threat-intel-with-crypto-firms/,(May 5) Read more about North Korea RippleNet XRP Load More Best crypto platforms May 2026 Explore Deep Dives Opinion Read more Crypto conference season looked loud in 2025 but it barely made a dent in crypto media traffic Crypto conference season looked loud 
k84ksn,214,2026-05-05,crypto.news,medium,4,nav_content_site,https://crypto.news/bank-groups-challenge-senator-thom-tillis-over-stablecoin-proposal/,2 hours ago News Read more MoonPay says stablecoin regulation opened the door but infrastructure must follow MoonPay says stablecoin regulation opened the door but infrastructure must follow 2 days ago News Read more US banks reject CLARITY Act stablecoin deal
kni8wg,167,2026-05-05,crypto.news,medium,4,nav_content_site,https://crypto.news/crypto-etps-log-five-straight-weeks-of-inflows-topping-4b/,"Read more: Saylor says Strategy has gained 63,410 BTC since start of 2026 Read more about Cryptocurrency DeFi Exchange Load More Best crypto platforms May 2026 Explore Deep Dives Opinion Read more Crypto conference season looked loud in 2025 but it barely made"
uymi2o,176,2026-05-05,crypto.news,medium,4,nav_content_site,https://crypto.news/ripple-to-share-dprk-hacker-intel-with-crypto-industry-after-577m-in-defi-hacks/,"A recent Decrypt feature and Ripple’s own messaging frame the new data‑sharing initiative as an attempt to get ahead of this evolution in tactics—moving the industry from fragmented awareness to shared, real‑time intelligence against what security researcher N"
vkyy46,197,2026-05-05,crypto.news,medium,4,nav_content_site,https://crypto.news/coinbase-to-cut-14-of-workforce-as-armstrong-pushes-ai-native-structure/,You might also like: UAE Innovation City launches blockchain IDs for companies Read more about AI Brian Armstrong Coinbase Layoff Load More Best crypto platforms May 2026 Explore Deep Dives Opinion Read more Crypto conference season looked loud in 2025 but it 
wklgb3,200,2026-05-05,crypto.news,medium,4,nav_content_site,https://crypto.news/elon-musk-settles-sec-twitter-case-with-1-5m-fine/,Read more: Ripple’s David Schwartz reveals he is nearly all in on XRP Read more about Elon Musk exclude-news Lawsuit SEC settlement Twitter Load More Best crypto platforms May 2026 Explore Deep Dives Opinion Read more Crypto conference season looked loud in 20
3slb1w,151,2026-05-06,crypto.news,medium,4,nav_content_site,https://crypto.news/ripple-ceo-brad-garlinghouse-says-clarity-act-could-stall-before-midterms/,Read more: Michael Saylor’s Strategy may sell Bitcoin after $12.5B Q1 loss Read more about Brad Garlinghouse legislation Regulation RippleNet Stablecoin Load More Best crypto platforms May 2026 Explore Deep Dives Opinion Read more Crypto conference season look
98dvvp,150,2026-05-06,crypto.news,medium,4,nav_content_site,https://crypto.news/coinbase-sued-by-anonymous-whale-over-frozen-dai-from-55m-scam/,Read more: Ripple CEO Brad Garlinghouse says CLARITY Act could stall before midterms Read more about Coinbase Crypto Theft DAI Phishing whales Load More Best crypto platforms May 2026 Explore Deep Dives Opinion Read more Crypto conference season looked loud in
bfo6ja,146,2026-05-06,crypto.news,medium,4,nav_content_site,https://crypto.news/stablecoins-enter-ai-payments-as-solana-and-google-launch-pay-sh/,2 hours ago News Read more MoonPay says stablecoin regulation opened the door but infrastructure must follow MoonPay says stablecoin regulation opened the door but infrastructure must follow 2 days ago News Read more US banks reject CLARITY Act stablecoin deal
bhsoaq,147,2026-05-06,crypto.news,medium,4,nav_content_site,https://crypto.news/cftc-may-lock-in-phantom-style-crypto-wallet-protections/,Read more: Celsius executive Cohen Pavon may get a lighter sentence for cooperation Read more about CFTC Phantom Wallet Security Load More Best crypto platforms May 2026 Explore Deep Dives Opinion Read more Crypto conference season looked loud in 2025 but it b
m8vv82,152,2026-05-06,crypto.news,medium,4,nav_content_site,https://crypto.news/tennessee-bankers-pick-stablecore-as-digital-asset-push-grows/,Read more: Kelp DAO moves rsETH to Chainlink CCIP as LayerZero dispute grows Read more about bank Cryptocurrency Stablecoin Tokenization Load More Best crypto platforms May 2026 Explore Deep Dives Opinion Read more Crypto conference season looked loud in 2025 
u0ty6v,156,2026-05-06,crypto.news,medium,4,nav_content_site,https://crypto.news/kelp-dao-moves-rseth-to-chainlink-ccip-as-layerzero-dispute-grows/,Read more: Fairshake poll finds voters reject crypto backing Read more about Chainlink exploit LayerZero Load More Best crypto platforms May 2026 Explore Deep Dives Opinion Read more Crypto conference season looked loud in 2025 but it barely made a dent in cry
xw0swz,111,2026-05-06,crypto.news,medium,4,nav_content_site,https://crypto.news/fairshake-and-ai-pacs-pour-100m-into-midterms/,Read more: Michael Saylor breaks Strategy’s never-sell bitcoin pledge Read more about AI Crypto assets United States Load More Best crypto platforms May 2026 Explore Deep Dives Opinion Read more Crypto conference season looked loud in 2025 but it barely made a
1k0ljz,89,2026-05-07,crypto.news,medium,4,nav_content_site,https://crypto.news/bny-mellon-lifts-strategy-stake-to-1-million-shares-worth-187-2-million/,Read more: Reform UK faces scrutiny over Farage’s £5M gift from crypto billionaire Read more about Bitcoin Futures Exchange MicroStrategy Load More Best crypto platforms May 2026 Explore Deep Dives Opinion Read more Crypto conference season looked loud in 2025
8v69uf,77,2026-05-07,crypto.news,medium,4,nav_content_site,https://crypto.news/crypto-firms-push-for-bank-licenses-at-consensus/,"Apr 5, 2026 at 4:30 PM UTC Opinion Read more SEC & CFTC issued regulatory clarity | Opinion SEC & CFTC issued regulatory clarity | Opinion Apr 3, 2026 at 2:54 PM UTC Related News Previous Next News Read more CLARITY Act vote nears as Galaxy maps key Democrats "
nvv4jt,102,2026-05-07,crypto.news,medium,4,nav_content_site,https://crypto.news/bithumb-targets-vietnam-crypto-exchange-market-through-ssid-deal/,Read more: TrustedVolumes loses nearly $6M in fresh 1inch-linked exploit Read more about Bithumb Cryptocurrency Exchange Vietnam Load More Best crypto platforms May 2026 Explore Deep Dives Opinion Read more Crypto conference season looked loud in 2025 but it b
qxjsgg,92,2026-05-07,crypto.news,medium,4,nav_content_site,https://crypto.news/feds-collins-pushes-back-on-cut-talk-wants-either-way-guidance/,Read more: Reform UK faces scrutiny over Farage’s £5M gift from crypto billionaire Read more about DeFi Exploit Exchange Federal Reserve Load More Best crypto platforms May 2026 Explore Deep Dives Opinion Read more Crypto conference season looked loud in 2025 
yrxnlb,94,2026-05-07,crypto.news,medium,4,nav_content_site,https://crypto.news/us-jobless-claims-come-in-at-200000-strong-labor-data-keeps-pressure-on-crypto/,Read more about Cryptocurrency Exchange United States Load More Best crypto platforms May 2026 Explore Deep Dives Opinion Read more Crypto conference season looked loud in 2025 but it barely made a dent in crypto media traffic Crypto conference season looked l
2pzyrn,38,2026-05-08,crypto.news,medium,4,nav_content_site,https://crypto.news/nagel-warns-iran-war-is-fueling-inflation-risks-as-ecb-stays-on-alert/,Read more: Strategic crypto positioning after the latest Fed policy: How investors can earn passive income with SHR Miner online AI mining Read more about DeFi European Union Exchange Load More Best crypto platforms May 2026 Explore Deep Dives Opinion Read mor
5mg47a,42,2026-05-08,crypto.news,medium,4,nav_content_site,https://crypto.news/strategic-crypto-positioning-after-the-latest-fed-policy-how-investors-can-earn-passive-income-with-shr-miner-online-ai-mining/,"Apr 5, 2026 at 4:30 PM UTC Opinion Read more SEC & CFTC issued regulatory clarity | Opinion SEC & CFTC issued regulatory clarity | Opinion Apr 3, 2026 at 2:54 PM UTC Related News Previous Next Sponsored Read more Best Crypto Exchange Tokens 2026: BlockchainFX "
5tjwsn,41,2026-05-08,crypto.news,medium,4,nav_content_site,https://crypto.news/coinbase-push-senate-to-loosen-manipulation-test-for-small-cap-token-listings/,Read more: Strategic crypto positioning after the latest Fed policy: How investors can earn passive income with SHR Miner online AI mining Read more about Crypto education DeFi Exchange Load More Best crypto platforms May 2026 Explore Deep Dives Opinion Read m
6oi25l,46,2026-05-08,crypto.news,medium,4,nav_content_site,https://crypto.news/sanders-calls-for-fed-rate-cuts-as-crypto-watches-policy-rift-widen/,"For now, Sandlin’s call for cuts might help bolster the medium‑term narrative that political and labor‑market pressure will eventually force the Fed to ease — a backdrop that historically has favored bitcoin and ethereum as “duration” assets — but until the da"
7r2psb,68,2026-05-08,crypto.news,medium,4,nav_content_site,https://crypto.news/aws-outage-knocks-coinbase-exchange-offline-for-two-hours/,Read more: Jack Dorsey’s Block rises despite first quarterly loss in years Read more about Coinbase Exchange Trading Load More Best crypto platforms May 2026 Explore Deep Dives Opinion Read more Crypto conference season looked loud in 2025 but it barely made a
i71nwe,33,2026-05-08,crypto.news,medium,4,nav_content_site,https://crypto.news/coinbase-pushes-clarity-act-senate-vote-next-week/,Read more: SoftBank cuts OpenAI-backed loan target to $6B as lenders balk at valuation Read more about Cryptocurrency Regulation US Senate Load More Best crypto platforms May 2026 Explore Deep Dives Opinion Read more Crypto conference season looked loud in 202
iz4wta,50,2026-05-08,crypto.news,medium,4,nav_content_site,https://crypto.news/blockchainfx-could-be-the-leading-crypto-to-buy-in-2026-for-those-who-missed-chainlink/,"Apr 5, 2026 at 4:30 PM UTC Opinion Read more SEC & CFTC issued regulatory clarity | Opinion SEC & CFTC issued regulatory clarity | Opinion Apr 3, 2026 at 2:54 PM UTC Related News Previous Next Sponsored Read more Best Crypto Exchange Tokens 2026: BlockchainFX "
lne9yv,62,2026-05-08,crypto.news,medium,4,nav_content_site,https://crypto.news/polygon-reduces-block-time-amid-stablecoin-push/,2 hours ago News Read more MoonPay says stablecoin regulation opened the door but infrastructure must follow MoonPay says stablecoin regulation opened the door but infrastructure must follow 2 days ago News Read more US banks reject CLARITY Act stablecoin deal
p63ra4,65,2026-05-08,crypto.news,medium,4,nav_content_site,https://crypto.news/tether-blacklists-371-wallets-after-515m-usdt-freeze-in-30-days/,scrutiny grows as Binance defends compliance work Read more about Tether Load More Best crypto platforms May 2026 Explore Deep Dives Opinion Read more Crypto conference season looked loud in 2025 but it barely made a dent in crypto media traffic Crypto confere
pkg2yd,55,2026-05-08,crypto.news,medium,4,nav_content_site,https://crypto.news/ecb-chief-christine-lagarde-raises-fresh-concerns-over-euro-stablecoins/,2 hours ago News Read more MoonPay says stablecoin regulation opened the door but infrastructure must follow MoonPay says stablecoin regulation opened the door but infrastructure must follow 2 days ago News Read more US banks reject CLARITY Act stablecoin deal
u1ng9x,44,2026-05-08,crypto.news,medium,4,nav_content_site,https://crypto.news/softbank-cuts-openai-backed-loan-target-to-6b-as-lenders-balk-at-valuation/,Read more: Tether froze over $500M USDT in 30 days as blacklist total hit $1.26B in 2025 Read more about Cryptocurrency DeFi Exchange exclude-news Load More Best crypto platforms May 2026 Explore Deep Dives Opinion Read more Crypto conference season looked lou
v8c8ok,20,2026-05-09,crypto.news,medium,4,nav_content_site,https://crypto.news/morgan-stanley-launche-etrade-crypto-at-0-5percent-fee/,Read more: Meta’s USDC pilot draws fire as Senator Warren demands stablecoin transparency Read more about bank Coinbase Cryptocurrency Load More Best crypto platforms May 2026 Explore Deep Dives Opinion Read more Crypto conference season looked loud in 2025 bu
z8carh,15,2026-05-09,crypto.news,medium,4,nav_content_site,https://crypto.news/stablecoin-execs-warn-on-hard-part-ahead/,Read more: US banks reject CLARITY Act stablecoin deal days before Senate vote Read more about Cryptocurrency Regulation Stablecoin Load More Best crypto platforms May 2026 Explore Deep Dives Opinion Read more Crypto conference season looked loud in 2025 but i
ua28oe,297,2026-05-01,www.finextra.com,low,2,truncated_tail,https://www.finextra.com/pressarticle/109676/wirex-launches-stablecoin-consumer-finance-app-wirex-one,"Wirex, the global onchain financial services platform, has announced Wirex One, a stablecoin-powered consumer finance app that brings instant onchain payments, true ownership, and privacy-preserving financial transactions to everyday users. The announcement fo"
27gvgq,190,2026-05-05,www.ledgerinsights.com,low,2,truncated_tail|short,https://www.ledgerinsights.com/stancharts-sc-ventures-invests-in-crypto-market-maker-gsr/,Standard Chartered's SC Ventures has become the first outside strategic investor in London-based crypto market maker and OTC trading desk GSR. The
qmo960,496,2026-03-25,ondo.finance,low,1,short,https://ondo.finance/blog/ondo-tokenizes-franklin-templeton-etfs,Ondo Tokenizes 5 Franklin Templeton ETFs For the First Time
i8hyxm,477,2026-04-15,www.coindesk.com,low,1,short,https://www.coindesk.com/business/2026/04/15/uk-asset-manager-puts-usd68-billion-of-liquidity-funds-onchain-via-calastone-token-network,Legal & General Asset Management brings decades-old money market funds onto blockchain rails to expand access and enable faster settlement.
mefrxz,475,2026-04-15,www.theblock.co,low,1,short,https://www.theblock.co/post/397654/tether-stablecoin-development-corporation-134-million-private-placement-acquire-sky-tokens,The Stablecoin Development Corporation is a publicly-traded holding company with an approximately 2.15 billion SKY token treasury.
at7vn9,457,2026-04-16,www.coindesk.com,low,1,short,https://www.coindesk.com/policy/2026/04/16/circle-ceo-says-china-could-launch-yuan-stablecoin-within-3-to-5-years-as-currency-race-heats-up,"The pitch is global scale for the yuan, but capital controls, offshore limits and convertibility gaps still stand in the way"
cz5yhh,437,2026-04-16,www.theblock.co,low,1,short,https://www.theblock.co/post/397771/elon-musk-x-money-disrupt-payments-pressure-paypal-crypto-regulatory-hurdles-mizuho,X launched a new feature this week where users can view financial data on stocks and cryptocurrencies directly.
gj68xv,434,2026-04-16,www.theblock.co,low,1,short,https://www.theblock.co/post/397814/russia-linked-grinex-exchange-suspends-operations-15-million-hack-hostile-states,"Liquidity and users of the sanctioned Garantex exchange have flowed into Grinex over the past year, Elliptic claims."
pprwlc,463,2026-04-16,www.theblock.co,low,1,short,https://www.theblock.co/post/397692/circle-ceo-allaire-sees-opportunity-yuan-stablecoin,Chinese authorities have said yuan-pegged stablecoins cannot be issued offshore without prior regulatory approval.
xav8ln,449,2026-04-16,www.theblock.co,low,1,short,https://www.theblock.co/post/397711/uk-fca-seeks-fresh-feedback-on-crypto-rules,"Ahead of a planned implementation in 2027, the FCA is seeking feedback on stablecoins, trading platforms, custody, and staking."
zdy7ef,442,2026-04-16,www.theblock.co,low,1,short,https://www.theblock.co/post/397755/ai-agents-make-card-purchases-with-new-mastercard-lobster-cash-integration,Payments companies are increasingly investing in new tools that will enable agents to safely execute transactions.
1kug6a,418,2026-04-17,www.finextra.com,low,1,short,https://www.finextra.com/pressarticle/109510/moodys-agentic-workflows-land-on-aws-marketplace,Moody’s Corporation (NYSE: MCO) today announced that its Moody’s Agentic Solutions (MAS) workflows are now available in AWS Marketplace.
lcdnzo,425,2026-04-17,unchainedcrypto.com,low,1,short,https://unchainedcrypto.com/charles-schwab-launches-spot-bitcoin-and-ethereum-trading-in-phased-rollout-unchained/,"The brokerage giant begins rolling out Schwab Crypto to its 39 million clients, pricing trades at 75 basis points with Paxos handling custody."
mi3ljq,416,2026-04-17,www.theblock.co,low,1,short,https://www.theblock.co/post/397907/circle-rolls-out-usdc-bridge-for-native-cross-chain-stablecoin-transfers,"USDC Bridge is Circle’s official, native cross-chain bridging solution powered by its Cross-Chain Transfer Protocol."
mzlklj,426,2026-04-17,www.finextra.com,low,1,short,https://www.finextra.com/newsarticle/47595/tether-launches-stablecoin-wallet,"Tether launched a stablecoin wallet on Tuesday, allowing users to transfer digital dollars, tokenised gold, and bitcoin across multiple blockchains."
oz1krg,420,2026-04-17,www.coindesk.com,low,1,short,https://www.coindesk.com/policy/2026/04/17/french-government-pivots-from-slamming-privately-issued-stablecoins-to-supporting-them,The statements signal a potential shift in stance within the French government and its central bank.
q4tq24,417,2026-04-17,www.theblock.co,low,1,short,https://www.theblock.co/post/397902/french-minister-urges-banks-to-expand-euro-stablecoins-tokenized-deposits-report,French minister urges European banks to expand euro stablecoins and tokenized deposits as dollar-pegged supply tops $300 billion.
5xl3wk,402,2026-04-20,www.finextra.com,low,1,short,https://www.finextra.com/newsarticle/47598/lydian-launches-visa-crypto-card,"Lydian, a digital assets payment infrastructure provider backed by Tether and Cantor Fitzgerald, is launching a co-branded Visa Platinum card issued by Rain."
bjjjnf,390,2026-04-20,www.theblock.co,low,1,short,https://www.theblock.co/post/398105/ripple-races-to-make-xrp-ledger-quantum-ready-as-computing-threat-turns-credible,"The company also made the case that XRP Ledger is better prepared than other blockchains, including Ethereum."
d2b3j2,404,2026-04-20,coingeek.com,low,1,short,https://coingeek.com/bank-of-france-calls-for-strengthening-of-mica-on-stablecoins/,Bank of France Deputy Governor Denis Beau is advocating for stricter MiCA regulations on stablecoins to mitigate risks in the EU payment system.
guxcia,400,2026-04-20,coingeek.com,low,1,short,https://coingeek.com/boe-governor-urges-quick-action-on-global-stablecoin-standards/,Bank of England Governor Andrew Bailey calls for global standards on stablecoins to ensure stable value and enhance regulatory consistency.
j8fcuv,395,2026-04-20,www.coindesk.com,low,1,short,https://www.coindesk.com/business/2026/04/20/tether-backs-uae-tokenization-firm-kaio-in-usd8m-funding-round-to-bring-emirati-funds-onchain,"The Abu Dhabi regulated firm build infrastruture to distribute insitutional funds on blockchain rails, lowering entry barrier for investors."
jct7jr,386,2026-04-20,www.theblock.co,low,1,short,https://www.theblock.co/post/398108/tether-joins-8-million-strategic-funding-round-in-rwa-firm-kaio,"""Kaio’s unique position unlocks new pathways for capital formation and investment,"" Tether CEO Paolo Ardoino said."
kx037l,399,2026-04-20,www.theblock.co,low,1,short,https://www.theblock.co/post/398072/bis-says-stablecoins-act-more-like-etfs-than-money-warns-of-fragmentation-without-global-rules-report,"The BIS warned stablecoins resemble ETFs, not money, and called for global rules to prevent fragmentation across the $300 billion market."
l609or,387,2026-04-20,www.theblock.co,low,1,short,https://www.theblock.co/post/398101/tether-discloses-2-million-share-stake-bitmain-linked-antalpha-ipo,Nasdaq-listed Antalpha’s lending business is growing quickly despite a more than 27% drop in its stock price.
ofnd3i,388,2026-04-20,www.coindesk.com,low,1,short,https://www.coindesk.com/business/2026/04/20/blockchain-sleuth-accuses-ravedao-of-knowing-who-manipulated-the-price-of-its-token,"The on-chain sleuth cited ""suspicious"" exchange-linked activity as RAVE swung from $60 million in market capitalization to $6 billion and back."
sp3uuc,405,2026-04-20,www.theblock.co,low,1,short,https://www.theblock.co/post/398022/polymarket-funding-15-billion-valuation,Polymarket had a $9 billion post-money valuation in October after Intercontinental Exchange agreed to invest up to $2 billion.
1hmhee,374,2026-04-21,www.coindesk.com,low,1,short,https://www.coindesk.com/policy/2026/04/21/bank-of-korea-s-new-governor-signals-cbdc-and-bank-token-push-skips-stablecoins-in-key-address,"The BOK will increase scrutiny of crypto markets and non-bank finance, and will also modernize currency markets for 24-hour foreign exchange trading, he said."
fo9ics,379,2026-04-21,www.theblock.co,low,1,short,https://www.theblock.co/post/398228/japan-jscc-tests-blockchain-government-bonds,The proof-of-concept trial will test the onchain transfer and management of Japanese government bonds on Canton Network.
fzxmh7,372,2026-04-21,www.theblock.co,low,1,short,https://www.theblock.co/post/398181/securitize-names-former-imf-representative-to-board,Sunil Sabharwal served as a Senate-confirmed U.S. representative to the International Monetary Fund between 2016 and 2018.
n60yjp,380,2026-04-21,coingeek.com,low,1,short,https://coingeek.com/electrumsvp-v0-1-0-launches-with-self-custody-security-upgrades/,"ElectrumSVP v0.1.0 brings advanced self-custody tools for BSV users, enhancing transaction handling, fee logic, and UTXO management."
pmcxnz,365,2026-04-21,www.theblock.co,low,1,short,https://www.theblock.co/post/398141/circle-tops-crypto-stocks-with-30-gain-as-stablecoin-growth-outpaces-coinbase-slump,Every crypto-related stock in the market now has its own differentiated business models that respond to different drivers.
q09hsi,366,2026-04-21,www.theblock.co,low,1,short,https://www.theblock.co/post/398270/doordash-to-offer-stablecoin-payouts-with-tempo-in-push-toward-everyday-crypto-payments,"Stripe, Coastal Bank and ARQ are also deploying stablecoin payment flows on Tempo's network alongside DoorDash."
x47o95,381,2026-04-21,www.theblock.co,low,1,short,https://www.theblock.co/post/398223/bank-of-korea-new-chief-cbdc-deposit-tokens,BOK Governor Shin Hyun-song previously took a negative stance on stablecoins during his tenure at the BIS.
3lsw0n,352,2026-04-22,www.theblock.co,low,1,short,https://www.theblock.co/post/398437/onchain-vault-provider-upshift-taps-securitize-fund-services-for-third-party-reporting,"Upshift is tapping Securitize Fund Services to provide independent reporting, auditing, and performance transparency for its onchain vaults."
ipqg4e,342,2026-04-22,www.theblock.co,low,1,short,https://www.theblock.co/post/398499/td-cowen-crypto-bill-hurdles-beyond-stablecoin-yield-issue,"These include a lack of CFTC commissioners, conflicts tied to World Liberty Financial, and concerns around Iran's use of crypto payments."
iykoby,355,2026-04-22,coingeek.com,low,1,short,https://coingeek.com/stablecoins-are-becoming-the-rails-for-24-7-global-trade/,"Hong Kong's HKMA issues stablecoin licenses, signaling a shift in digital assets towards a regulated financial system driven by major banks."
m19b7w,340,2026-04-22,www.coindesk.com,low,1,short,https://www.coindesk.com/policy/2026/04/22/banks-seek-to-slow-down-implementation-of-crypto-s-genius-act-on-stablecoin-oversight,"U.S. banking groups argued that a number of federal agencies are moving quickly on stablecoin regulations, making it hard to understand how rules will interact."
soe5cg,351,2026-04-22,www.theblock.co,low,1,short,https://www.theblock.co/post/398377/b2b-stablecoin-tech-provider-infinite-rolls-out-banking-services-powered-by-thiel-backed-erebor-bank,"Infinite is introducing bank accounts that support traditional and crypto services like ACH, wire and stablecoin transfers."
x7qf7g,329,2026-04-28,www.bis.org,low,1,short,https://www.bis.org/review/r260428f.htm,"Keynote speech by Dr Joachim Nagel, President of the Deutsche Bundesbank, at the House of the Euro, Brussels, 22 April 2026."
exjex4,325,2026-04-29,coingeek.com,low,1,short,https://coingeek.com/singapore-proposes-lower-risk-rules-for-some-digital-assets/,"Singapore proposes tailored crypto rules, giving tokenized assets and stablecoins lower-risk capital treatment under updated central bank's consultation."
7llda8,308,2026-04-30,www.bis.org,low,1,short,https://www.bis.org/review/r260429e.htm,"Keynote speech by Mr Christodoulos Patsalides, Governor of the Central Bank of Cyprus, at the Eurofi High Level Seminar Digital Euro, Nicosia, 27 March 2026."
i9tauq,311,2026-04-30,coingeek.com,low,1,short,https://coingeek.com/stablecoins-losing-cross-border-appeal-circle-v-tether-in-defi-fight/,"Stablecoins Tether and Circle are locked in a DeFi fight, Meta pilots USDC payouts, and EU sanctions tighten on Russia and digital ruble-linked tokens."
q1cvx7,309,2026-04-30,www.bis.org,low,1,short,https://www.bis.org/review/r260429a.htm,"Keynote speech by Mr Burkhard Balz, Member of the Executive Board of the Deutsche Bundesbank, at the Global Currency Forum (GCF), Antalya, 29 April 2026."
8ls10d,302,2026-05-01,www.theblock.co,low,1,short,https://www.theblock.co/post/399716/moonpay-stablecoin-debit-card-ai-agents-mastercard,"MoonPay has launched ""MoonAgents Card,"" a stablecoin debit card for AI agents and users to spend directly from onchain wallets."
c5tpml,301,2026-05-01,www.theblock.co,low,1,short,https://www.theblock.co/post/399726/crypto-onramping-solution-fun-raises-72-million-series-a-co-led-by-multicoin-capital-and-signalfire,"Fun powers deposits, withdrawals, and settlement flows for some of crypto’s leading apps, including Polymarket, Lighter, and Aave."
hfxfvb,292,2026-05-01,www.finextra.com,low,1,short,https://www.finextra.com/newsarticle/47687/santander-uk-takes-over-tsb-for-3-billion,"Santander UK has completed its £3 billion takeover of rival bank TSB, PA Media reported."
nwpryu,300,2026-05-01,www.theblock.co,low,1,short,https://www.theblock.co/post/399725/wisdomtrees-crypto-etps-reported-net-inflows-of-137-million-in-q1,"Cumulatively, assets under management for the firm's crypto ETPs rose to roughly $1.8 billion during Q1 of this year."
tsq2nk,303,2026-05-01,www.theblock.co,low,1,short,https://www.theblock.co/post/399713/brazil-central-bank-prohibits-crypto-use-in-regulated-cross-border-payments-under-new-fx-rules,The rule forms part of the central bank's broader effort to bring cross-border payments fully inside the regulated FX system.
9qeeav,270,2026-05-02,www.theblock.co,low,1,short,https://www.theblock.co/post/399812/blackrock-urges-occ-to-drop-tokenized-reserve-cap-idea-expand-eligible-assets-in-genius-act-comment-letter,"The world's largest asset manager opposed a potential 20% cap on tokenized reserve assets, a constraint that would limit products like its BUIDL fund."
kvjvmr,279,2026-05-02,www.theblock.co,low,1,short,https://www.theblock.co/post/399780/coinbase-says-deal-reached-on-clarity-act-stablecoin-yield-clearing-path-to-long-stalled-senate-markup,"Coinbase CEO Brian Armstrong urged the Senate Banking Committee to ""mark it up"" as a months-long stalemate appears to be at an end."
6rsrpr,263,2026-05-03,www.theblock.co,low,1,short,https://www.theblock.co/post/399825/new-york-ag-settles-for-5-million-with-uphold-in-first-enforcement-action-against-a-crypto-yield-product-promoter,The settlement is the first New York enforcement action to target a platform that promoted someone else's crypto yield product rather than its own issuer.
1j7u52,228,2026-05-04,www.ledgerinsights.com,low,1,short,https://www.ledgerinsights.com/dtcc-shares-tokenization-launch-date-50-firms-join-industry-working-group/,"The Depository Trust & Clearing Corporation (DTCC) has announced the launch timescale for its tokenization solution, with limited live transactions"
4h9r1z,220,2026-05-04,www.theblock.co,low,1,short,https://www.theblock.co/post/399966/bank-trade-groups-stablecoin-reward,Major banking trade groups said a proposed fix to a key sticking point in passing crypto market structure legislation 'falls short.'
7i7pmk,237,2026-05-04,www.theblock.co,low,1,short,https://www.theblock.co/post/399880/krakens-parent-company-alleges-custodian-etana-misappropriated-25-million,"Etana is accused of operating a ""Ponzi-like enterprise"" the resulted in using capital to fund expenses and risky investments."
h9kcld,238,2026-05-04,www.theblock.co,low,1,short,https://www.theblock.co/post/399895/finra-green-lights-securitize-for-tokenized-ipo-underwriting-and-custody,Securitize is the first firm to receive FINRA approval to custody tokenized securities and underwrite onchain IPOs and secondary offerings.
n3sszh,233,2026-05-04,www.theblock.co,low,1,short,https://www.theblock.co/post/399914/dtc-to-begin-tokenized-asset-rollout-in-july-ahead-of-full-launch-as-it-gets-feedback-from-blackrock-circle-and-others,The Depository Trust & Clearing Corporation will roll out its tokenization service as it gathers feedback from firms like BlackRock to Circle.
o6w43d,219,2026-05-04,www.theblock.co,low,1,short,https://www.theblock.co/post/399973/crypto-stocks-rally-circle-jumps,Sens. Alsobrooks and Tillis finalized a compromise Friday on language governing stablecoin yields in the Clarity Act.
p87v4w,229,2026-05-04,www.theblock.co,low,1,short,https://www.theblock.co/post/399935/south-koreas-largest-crypto-exchange-upbit-launches-ethereum-blockchain-with-optimism-foundation-support,"Upbit is the Optimism Foundation's first client on its ""self-managed"" enterprise tier, giving it control over its core rollup architecture."
prxy1r,242,2026-05-04,www.ledgerinsights.com,low,1,short,https://www.ledgerinsights.com/brazil-imposes-partial-ban-on-stablecoins-crypto-for-cross-border-payments-and-fx/,Brazil's central bank has banned fintech and payment provider cross border services from using stablecoins or crypto to settle with overseas
t7512e,224,2026-05-04,www.ledgerinsights.com,low,1,short,https://www.ledgerinsights.com/latest-finra-okay-means-securitize-becomes-tokenized-securities-one-stop-shop/,FINRA has granted the tokenization firm Securitize approval to custody tokenized securities as part of its regular broker dealer authorization. Securitize
uit8xh,236,2026-05-04,www.theblock.co,low,1,short,https://www.theblock.co/post/399890/western-union-launches-usdpt-stablecoin-anchorage-solana,"Western Union launched a dollar stablecoin on Solana for 24/7 settlement across 200+ countries, the company said Monday."
vojv35,240,2026-05-04,www.theblock.co,low,1,short,https://www.theblock.co/post/399878/stablecoin-startup-rain-joins-mastercard-as-a-principal-member,"Rain, which was valued at $1.95 billion during a Series C round announced in January, has an existing relationship with card issuer Visa."
dwbs4d,169,2026-05-05,www.theblock.co,low,1,short,https://www.theblock.co/post/400098/sofi-to-launch-its-stablecoin-on-solana-citing-speed-and-cost,"SoFiUSD is a fully reserved U.S. dollar stablecoin issued by SoFi Bank, a nationally chartered bank."
ib06d7,191,2026-05-05,www.theblock.co,low,1,short,https://www.theblock.co/post/400051/securitize-taps-jump-and-jupiter-as-it-rolls-out-fully-onchain-regulated-onchain-stocks,"Jump will provide institutional liquidity via its PropAMM, while Solana DeFi aggregator Jupiter will support retail and institutional access."
llurdz,199,2026-05-05,www.theblock.co,low,1,short,https://www.theblock.co/post/400001/bank-of-italy-tokenized-sepa,"Bank of Italy's Chiara Scotti said the EU should explore a tokenized extension of its payments system as tokenization grows more ""relevant."""
n89p6s,163,2026-05-05,www.ledgerinsights.com,low,1,short,https://www.ledgerinsights.com/securitize-taps-jump-as-market-maker-for-trading-tokenized-stocks-on-ats/,"Securitize, the company best known for tokenizing BlackRock's BUIDL money market fund, is gradually announcing the building blocks of its tokenized stock"
pysho9,179,2026-05-05,www.theblock.co,low,1,short,https://www.theblock.co/post/400068/moneygram-supports-crypto-to-cash-withdrawals-kraken-users,The firms plan to expand this partnership beyond cash withdrawals to support local bank deposits and cross-border remittance flows.
q5euy5,173,2026-05-05,www.theblock.co,low,1,short,https://www.theblock.co/post/400086/state-street-and-galaxy-launch-fund-on-solana-designed-to-sweep-stablecoins-into-productive-vehicle,The State Street Galaxy Onchain Liquidity Sweep Fund lets investors push stablecoins into a yield-bearing tokenized fund.
t2bz9d,192,2026-05-05,www.theblock.co,low,1,short,https://www.theblock.co/post/399963/coinbase-figure-investment-centrifuge-base-main-tokenization-partner,"Centrifuge will be the go-to platform for launching tokenized assets on Base, the Ethereum blockchain incubated by Coinbase."
9rd67b,133,2026-05-06,www.ledgerinsights.com,low,1,short,https://www.ledgerinsights.com/dlt-collateral-mobility-platform-hqla%e1%b5%a1-gets-sec-no-action-letter-for-us-activity/,"HQLAᵡ, the DLT collateral mobility platform, can operate in the US under a no action letter received from the Securities and Exchange Commission (SEC)."
dp524r,108,2026-05-06,ondo.finance,low,1,short,https://ondo.finance/blog/ondo-jpmorgan-mastercard-ripple-tokenization,"Ondo, Kinexys by J.P. Morgan, Mastercard, and Ripple Complete First Cross-Border, Cross-Bank Redemption of Tokenized U.S. Treasuries | Ondo Finance"
gqu1kc,117,2026-05-06,www.ledgerinsights.com,low,1,short,https://www.ledgerinsights.com/nyse-okx-securitze-discuss-tokenizing-stocks-the-right-way-versus-synthetically/,"Yesterday during a Consensus panel, the topic of synthetic tokenized stocks was discussed, with Securitize CEO Carlos Domingo pushing back hard against"
j41cp3,123,2026-05-06,www.ledgerinsights.com,low,1,short,https://www.ledgerinsights.com/six-gets-approval-to-merge-sdx-dlt-csd-into-securities-services-adds-crypto-custody/,SIX has received approval from Swiss regulator FINMA to merge its blockchain entity SIX Digital Exchange AG (SDX) into its central securities depository
tzweh1,112,2026-05-06,crypto.news,low,1,short,https://crypto.news/erik-reppel-says-ai-agents-will-kill-online-ads/,"He argued that x402, a Coinbase-backed protocol for stablecoin micropayments, could replace advertising as the primary way web content is monetised by software."
bb8bby,93,2026-05-07,www.ledgerinsights.com,low,1,short,https://www.ledgerinsights.com/bny-to-launch-digital-asset-custody-in-abu-dhabi/,The world's largest custodian BNY plans to provide digital asset custody in the Abu Dhabi Global Market (ADGM) as part of a collaboration with Finstreet
s3pj94,83,2026-05-07,www.ledgerinsights.com,low,1,short,https://www.ledgerinsights.com/dtcc-explores-l1-blockchains-for-tokenization-has-scalability-concerns/,"Yesterday at the Consensus event, DTCC CEO Frank La Salla revealed the organization is working with several L1 blockchains for its tokenization platform"
vuzuso,81,2026-05-07,crypto.news,low,1,short,https://crypto.news/sofi-made-121m-in-crypto-but-kept-almost-none/,"The bank launched SoFiUSD in December and partnered with Mastercard for settlement, but the GENIUS Act may force a structural change to the stablecoin unit."
wsnab3,80,2026-05-07,www.ledgerinsights.com,low,1,short,https://www.ledgerinsights.com/kraken-parent-payward-to-buy-stablecoin-payments-firm-reap-for-600m/,"Payward, the parent of cryptocurrency exchange Kraken, has agreed to acquire Hong Kong based Reap Technologies for up to $600 million in cash and stock."
ywm90k,70,2026-05-07,www.finextra.com,low,1,short,https://www.finextra.com/newsarticle/47715/top-wall-street-dealers-join-bond-trading-platform-ltx,Five of Wall Street's top banks have joined the AI-powered LTX corporate bond e-trading platform in a bid to unlock greater liquidity in corporate bonds.
8cwfxq,67,2026-05-08,crypto.news,low,1,short,https://crypto.news/u-s-scrutiny-grows-as-binance-defends-compliance-work/,Department of the Treasury reportedly sent Binance a private letter pressing the exchange on compliance with its 2023 settlement duties.
o5ifws,63,2026-05-08,crypto.news,low,1,short,https://crypto.news/coinbase-perps-shake-up-hits-kaito-cake-vet-and-more/,"The affected tokens span several market areas, including AI, DeFi, gaming, infrastructure, and older layer-1 networks."
rsj2ze,23,2026-05-08,www.finextra.com,low,1,short,https://www.finextra.com/newsarticle/47723/coinbase-hit-by-7-hour-outage,Coinbase has blamed an issue at an Amazon Web Services data centre for a seven-hour outage at the cryptocurrency exchange.
xrl2jl,32,2026-05-08,www.finextra.com,low,1,short,https://www.finextra.com/blogposting/31652/demystifying-bank-grade-crypto,"As the volatile crypto market continues to grab headlines, the term ""bank-grade crypto"" im... Demystifying Bank-Grade Crypto"
xo5bc1,13,2026-05-09,www.coindesk.com,low,1,short,https://www.coindesk.com/business/2026/05/09/swiss-central-bank-bitcoin-reserve-push-fails-over-signature-shortfall,"The initiative sought to amend Switzerland's constitution, requiring the Swiss National Bank (SNB) to hold BTC alongside gold and foreign-currency reserves."
9edctg,12,2026-05-10,crypto.news,low,1,short,https://crypto.news/sec-hint-sparks-prediction-market-etf-debate/,“Prediction market ETFs may launch soon” remains a claim to treat with caution because approval still depends on regulators and final product reviews.
migini,4,2026-05-11,www.coindesk.com,low,1,short,https://www.coindesk.com/markets/2026/05/11/new-fed-chair-base-s-azul-upgrade-corporate-earnings-crypto-week-ahead,Senate Banking Committee markup scheduled for the Digital Asset Market Clarity Act of 2025.
tzokxm,2,2026-05-11,coingeek.com,low,1,short,https://coingeek.com/poland-pm-revives-crypto-reform-after-zondacrypto-fallout/,Poland is eyeing a stricter crypto bill after the Zondacrypto exchange fraud and money laundering allegations sparked user withdrawal concerns nationwide
uf75q0,1,2026-05-11,www.coindesk.com,low,1,short,https://www.coindesk.com/markets/2026/05/11/bitcoin-nasdaq-investors-are-celebrating-while-u-s-consumers-are-panicking,"Bitcoin and Nasdaq have rallied sharply, but U.S. consumer sentiment has fallen to historic lows, highlighting a widening Wall Street–Main Street divide."
