queue_order,review_priority,signal_id,tier,days_since_anchor,date,institution,initiative,signal_type,initiative_types,fmi_areas,suggested_decision,suggested_initiative_classifications,suggested_mapped_themes,suggested_primary_reason_code,suggested_confidence,suggested_confidence_score,suggested_evidence,decision,initiative_classifications,mapped_themes,primary_reason_code,reviewer_notes,reviewer_id,reviewed_at_utc
1,1,c030594b7b,Structural,1,5/8/2026,ECB (European Central Bank),Nagel warns Iran war is fueling inflation risks as ECB stays on alert,Strategic Initiative,Crypto / Digital Assets,Trading & Exchange,keep_unmapped,,,RC01_INSUFFICIENT_EVIDENCE,low,35,insufficient keyword or workflow evidence,,,,,,,
2,1,cf1318f972,Structural,1,5/8/2026,Federal Reserve,Sanders calls for Fed rate cuts as crypto watches policy rift widen,Strategic Initiative,Crypto / Digital Assets,Trading & Exchange,candidate_new_theme,Regulatory / Compliance,,RC04_TAXONOMY_GAP,medium,60,regulatory/perimeter signal with no current theme fit,,,,,,,
3,1,ff09f72254,Structural,2,5/7/2026,Federal Reserve,"Fed’s Collins pushes back on cut talk, wants “either way” guidance",Regulatory Action,Crypto / Digital Assets,Regulation & Compliance,candidate_new_theme,Regulatory / Compliance,,RC04_TAXONOMY_GAP,medium,60,regulatory/perimeter signal with no current theme fit,,,,,,,
4,1,f91086880a,Structural,2,5/7/2026,Federal Reserve,"US jobless claims come in at 200,000; strong labor data keeps pressure on crypto",Strategic Initiative,Crypto / Digital Assets,Data & Reporting,keep_unmapped,,,RC01_INSUFFICIENT_EVIDENCE,low,35,insufficient keyword or workflow evidence,,,,,,,
5,1,209f43bce5,Structural,3,5/6/2026,Morgan Stanley,Morgan Stanley brings crypto trading with lower fees than rivals,Strategic Initiative,Crypto / Digital Assets,Trading & Exchange,keep_unmapped,,,RC01_INSUFFICIENT_EVIDENCE,low,35,insufficient keyword or workflow evidence,,,,,,,
6,1,e6f9cc4d15,Structural,4,5/5/2026,ECB (European Central Bank),Chiara Scotti: Digital money and the architecture of trust,Platform / Infrastructure,Crypto / Digital Assets,General Infrastructure,candidate_new_theme,Regulatory / Compliance,,RC04_TAXONOMY_GAP,medium,60,regulatory/perimeter signal with no current theme fit,,,,,,,
7,1,1221e28668,Structural,4,5/5/2026,Standard Chartered,Standard Chartered expands further into crypto with stake in GSR at $1 billion valuation,Regulatory Action,Crypto / Digital Assets,Trading & Exchange|Interoperability & Standards,map,Interoperability & Standards|Regulatory / Compliance|DLT / Blockchain Infrastructure,dlt,,high,95,\binteroperabil(?:ity|e)\b|standards?,,,,,,,
8,1,5a76ff5d0a,Structural,5,5/4/2026,CFTC (Commodity Futures Trading Commission),"Kraken parent Payward completes Bitnomial acquisition, unlocking US crypto derivatives offering",Regulatory Action,Crypto / Digital Assets,Trading & Exchange|Regulation & Compliance,candidate_new_theme,Regulatory / Compliance,,RC04_TAXONOMY_GAP,medium,60,regulatory/perimeter signal with no current theme fit,,,,,,,
9,1,148781e824,Structural,5,5/4/2026,Morgan Stanley,Why Morgan Stanley says Bitcoin on US bank balance sheets is coming but not yet,Regulatory Action,Crypto / Digital Assets,Regulation & Compliance,candidate_new_theme,Crypto / Digital Assets,,RC04_TAXONOMY_GAP,medium,60,regulatory/perimeter signal with no current theme fit,,,,,,,
10,1,844c18f46d,Structural,5,5/4/2026,Morgan Stanley,Morgan Stanley advises 2%–4% Bitcoin exposure as demand grows,Regulatory Action,Crypto / Digital Assets,Regulation & Compliance,candidate_new_theme,Crypto / Digital Assets,,RC04_TAXONOMY_GAP,medium,60,regulatory/perimeter signal with no current theme fit,,,,,,,
11,1,4537155ec5,Structural,7,5/2/2026,SEC (U.S. Securities and Exchange Commission),SEC schedules CLARITY Act roundtable in May as Senate markup targets week of May 11,Regulatory Action,Crypto / Digital Assets,Trading & Exchange|Regulation & Compliance,candidate_new_theme,Regulatory / Compliance,,RC04_TAXONOMY_GAP,medium,60,regulatory/perimeter signal with no current theme fit,,,,,,,
12,1,e6876e8006,Structural,9,4/30/2026,SEC (U.S. Securities and Exchange Commission),Philippines: dYdX among 7 ‘crypto’ platforms flagged by SEC,Platform / Infrastructure,Crypto / Digital Assets,General Infrastructure,keep_unmapped,,,RC01_INSUFFICIENT_EVIDENCE,low,35,insufficient keyword or workflow evidence,,,,,,,
13,1,fce2d3cd43,Structural,17,4/22/2026,"FCA (Financial Conduct Authority, UK)",UK FCA carries out first crackdown on illegal peer-to-peer crypto trading,Strategic Initiative,Crypto / Digital Assets,Trading & Exchange,keep_unmapped,,,RC01_INSUFFICIENT_EVIDENCE,low,35,insufficient keyword or workflow evidence,,,,,,,
14,1,0e8d0d47d0,Structural,18,4/21/2026,Federal Reserve,Fed pick Warsh backs crypto’s place in finance as Warren raises ‘sock puppet’ concerns in hearing,Investment / M&A,Crypto / Digital Assets,General Infrastructure,keep_unmapped,,,RC01_INSUFFICIENT_EVIDENCE,low,35,insufficient keyword or workflow evidence,,,,,,,
15,1,e19892c1b3,Structural,18,4/21/2026,Federal Reserve,"Bitcoin slides toward $75,000 as Warsh says Trump didn't demand he cut rates",Strategic Initiative,Crypto / Digital Assets,General Infrastructure,keep_unmapped,Crypto / Digital Assets,,RC03_NATIVE_CRYPTO_ONLY,low,35,weak theme fit; review initiative-level multi-label suggestion,,,,,,,
16,1,6d2e53f6aa,Structural,19,4/20/2026,CFTC (Commodity Futures Trading Commission),Kraken parent to pay $550m for CFTC-licensed derivatives platform Bitnomial,Regulatory Action,Crypto / Digital Assets,Trading & Exchange|Regulation & Compliance,candidate_new_theme,Regulatory / Compliance,,RC04_TAXONOMY_GAP,medium,60,regulatory/perimeter signal with no current theme fit,,,,,,,
17,1,7323a3143e,Structural,19,4/20/2026,Morgan Stanley,"Spot bitcoin ETFs log nearly $1 billion in weekly inflows, highest since mid-January",Strategic Initiative,Crypto / Digital Assets,Trading & Exchange,keep_unmapped,Crypto / Digital Assets,,RC03_NATIVE_CRYPTO_ONLY,low,35,weak theme fit; review initiative-level multi-label suggestion,,,,,,,
18,1,20a585d62e,Structural,19,4/20/2026,SEC (U.S. Securities and Exchange Commission),A year under Paul Atkins: SEC crypto embrace grows as prediction markets draw scrutiny,Strategic Initiative,Crypto / Digital Assets,General Infrastructure,keep_unmapped,,,RC01_INSUFFICIENT_EVIDENCE,low,35,insufficient keyword or workflow evidence,,,,,,,
19,1,d7dba012c9,Structural,22,4/17/2026,CFTC (Commodity Futures Trading Commission),Kraken parent Payward agrees to acquire Bitnomial for up to $550 million,Regulatory Action,Crypto / Digital Assets,Trading & Exchange|Regulation & Compliance,candidate_new_theme,Regulatory / Compliance,,RC04_TAXONOMY_GAP,medium,60,regulatory/perimeter signal with no current theme fit,,,,,,,
20,1,c52716b2c7,Structural,22,4/17/2026,"FCA (Financial Conduct Authority, UK)",UK lawmaker urges FCA probe of Farage crypto promotion,Investment / M&A,Crypto / Digital Assets,General Infrastructure,keep_unmapped,Crypto / Digital Assets,,RC03_NATIVE_CRYPTO_ONLY,low,35,weak theme fit; review initiative-level multi-label suggestion,,,,,,,
21,1,b83f7f7fef,Structural,23,4/16/2026,CFTC (Commodity Futures Trading Commission),U.S. CFTC's Selig says AI has helped make up for staffing cuts at key crypto watchdog,Investment / M&A,Crypto / Digital Assets,General Infrastructure,keep_unmapped,,,RC01_INSUFFICIENT_EVIDENCE,low,35,insufficient keyword or workflow evidence,,,,,,,
22,1,0e021bb48b,Structural,23,4/16/2026,"FCA (Financial Conduct Authority, UK)",The 24-hour trap: Why the UK’s new crypto rules could catch some firms off guard,Regulatory Action,Crypto / Digital Assets,Regulation & Compliance,candidate_new_theme,Regulatory / Compliance,,RC04_TAXONOMY_GAP,medium,60,regulatory/perimeter signal with no current theme fit,,,,,,,
23,1,4626f6e8c7,Structural,23,4/16/2026,Morgan Stanley,Morgan Stanley’s Amy Oldenburg says crypto ‘becoming daily business’ across the firm,Strategic Initiative,Crypto / Digital Assets,General Infrastructure,keep_unmapped,,,RC01_INSUFFICIENT_EVIDENCE,low,35,insufficient keyword or workflow evidence,,,,,,,
24,1,ed23d799c3,Structural,23,4/16/2026,Morgan Stanley,Bitcoin ETFs add $186M as Morgan Stanley’s MSBT inflows top $100M in first six trading days,Strategic Initiative,Crypto / Digital Assets,Trading & Exchange,keep_unmapped,Crypto / Digital Assets,,RC03_NATIVE_CRYPTO_ONLY,low,35,weak theme fit; review initiative-level multi-label suggestion,,,,,,,
25,1,9498624fe2,Structural,23,4/16/2026,Morgan Stanley,The cheapest bitcoin ETF yet: Morgan Stanley uses 0.14% fee to draw $100 million in first week,Strategic Initiative,Crypto / Digital Assets,General Infrastructure,keep_unmapped,Crypto / Digital Assets,,RC03_NATIVE_CRYPTO_ONLY,low,35,weak theme fit; review initiative-level multi-label suggestion,,,,,,,
26,1,c88db4db10,Structural,24,4/15/2026,Nasdaq,"Bitcoin capped at $75,000 as Nasdaq and S&P 500 fly to new record highs",Investment / M&A,Crypto / Digital Assets,General Infrastructure,keep_unmapped,Crypto / Digital Assets,,RC03_NATIVE_CRYPTO_ONLY,low,35,weak theme fit; review initiative-level multi-label suggestion,,,,,,,
27,2,c7c4074d26,Material,0,5/9/2026,CME Group,"CME is set to let traders bet on bitcoin volatility, not just price",Product Launch,Crypto / Digital Assets,Trading & Exchange|Regulation & Compliance,candidate_new_theme,Crypto / Digital Assets,,RC04_TAXONOMY_GAP,medium,60,regulatory/perimeter signal with no current theme fit,,,,,,,
28,2,cb893e4e25,Material,0,5/9/2026,Morgan Stanley,Morgan Stanley’s ETrade crypto undercuts Coinbase,Product Launch,Crypto / Digital Assets,Trading & Exchange,keep_unmapped,,,RC01_INSUFFICIENT_EVIDENCE,low,35,insufficient keyword or workflow evidence,,,,,,,
29,2,a4f4ea73d8,Material,1,5/8/2026,Coinbase,US Senate Banking Committee Expected to Hold a Formal Vote on CLARITY Act as Early as Next Week,Regulatory Action,,General Infrastructure,candidate_new_theme,Regulatory / Compliance|Digital Asset Strategy,,RC04_TAXONOMY_GAP,medium,60,regulatory/perimeter signal with no current theme fit,,,,,,,
30,2,acd0c274c5,Material,1,5/8/2026,Coinbase,"Kraken parent Payward applies for national OCC trust charter following Ripple, Coinbase",Regulatory Action,,General Infrastructure,candidate_new_theme,Regulatory / Compliance,,RC04_TAXONOMY_GAP,medium,60,regulatory/perimeter signal with no current theme fit,,,,,,,
31,2,917dddea4d,Material,1,5/8/2026,Coinbase,Coinbase blames AWS for hours-long crypto trading outage,Investment / M&A,Crypto / Digital Assets,Trading & Exchange,keep_unmapped,,,RC01_INSUFFICIENT_EVIDENCE,low,35,insufficient keyword or workflow evidence,,,,,,,
32,2,97018dabfa,Material,1,5/8/2026,Coinbase,"Bernstein says Coinbase’s ‘everything exchange’ strategy is gaining traction despite weak first-quarter results, sees 71% upside",Strategic Initiative,,Trading & Exchange,keep_unmapped,Digital Asset Strategy,,RC02_STRATEGY_ONLY,low,35,weak theme fit; review initiative-level multi-label suggestion,,,,,,,
33,2,1bff7ab019,Material,1,5/8/2026,Coinbase,Coinbase resumes trading after hours of AWS-linked disruption,Strategic Initiative,,Trading & Exchange,keep_unmapped,,,RC01_INSUFFICIENT_EVIDENCE,low,35,insufficient keyword or workflow evidence,,,,,,,
34,2,1d421233be,Material,1,5/8/2026,Coinbase,"Coinbase loses $400 million, 1.5 million customers and 14% of staff",Strategic Initiative,,General Infrastructure,keep_unmapped,Crypto / Digital Assets,,RC03_NATIVE_CRYPTO_ONLY,low,35,weak theme fit; review initiative-level multi-label suggestion,,,,,,,
35,2,4fed99c2ac,Material,1,5/8/2026,Coinbase,Coinbase stock falls as Q1 loss hits nearly $400M,Strategic Initiative,Crypto / Digital Assets,Trading & Exchange,keep_unmapped,,,RC01_INSUFFICIENT_EVIDENCE,low,35,insufficient keyword or workflow evidence,,,,,,,
36,2,a13378ad78,Material,1,5/8/2026,Coinbase,AWS outage knocks Coinbase Exchange offline for two hours,Strategic Initiative,,Trading & Exchange,keep_unmapped,,,RC01_INSUFFICIENT_EVIDENCE,low,35,insufficient keyword or workflow evidence,,,,,,,
37,2,9469cdec75,Material,1,5/8/2026,Federal Reserve,Strategic crypto positioning after the latest Fed policy: How investors can earn passive income with SHR Miner online AI mining,Pilot / Trial,Crypto / Digital Assets,General Infrastructure,candidate_new_theme,Crypto / Digital Assets,,RC04_TAXONOMY_GAP,medium,60,regulatory/perimeter signal with no current theme fit,,,,,,,
38,2,302d777be5,Material,1,5/8/2026,OCC (Office of the Comptroller of the Currency),Kraken parent goes for the OCC charter in bid to become a federal crypto bank,Regulatory Action,Crypto / Digital Assets,Regulation & Compliance,candidate_new_theme,Regulatory / Compliance,,RC04_TAXONOMY_GAP,medium,60,regulatory/perimeter signal with no current theme fit,,,,,,,
39,2,e30da36474,Material,1,5/8/2026,Revolut,Revolut turns Bitcoin into a UX horror show with a two‑cent “flash crash” that never happened,Strategic Initiative,Crypto / Digital Assets,Trading & Exchange,keep_unmapped,Crypto / Digital Assets,,RC03_NATIVE_CRYPTO_ONLY,low,35,weak theme fit; review initiative-level multi-label suggestion,,,,,,,
40,2,a5b648cf10,Material,1,5/8/2026,Tether,Tether blacklists 371 wallets after $515M USDT freeze in 30 days,Strategic Initiative,Crypto / Digital Assets,General Infrastructure,keep_unmapped,,,RC01_INSUFFICIENT_EVIDENCE,low,35,insufficient keyword or workflow evidence,,,,,,,
41,2,9e29291b13,Material,2,5/7/2026,Coinbase,Coinbase stock declines 5% after missing Q1 estimates on crypto slowdown,Investment / M&A,Crypto / Digital Assets,Trading & Exchange,keep_unmapped,,,RC01_INSUFFICIENT_EVIDENCE,low,35,insufficient keyword or workflow evidence,,,,,,,
42,2,3f7ec89fe4,Material,2,5/7/2026,Coinbase,Coinbase loses nearly $400 million in Q1 as CEO seeks to reduce dependence on spot crypto trading,Platform / Infrastructure,Crypto / Digital Assets,Trading & Exchange,keep_unmapped,,,RC01_INSUFFICIENT_EVIDENCE,low,35,insufficient keyword or workflow evidence,,,,,,,
43,2,71de467b06,Material,2,5/7/2026,JPMorgan,JPMorgan says bitcoin is gaining over gold as debasement trade after Iran conflict,Investment / M&A,Crypto / Digital Assets,General Infrastructure,keep_unmapped,Crypto / Digital Assets,,RC03_NATIVE_CRYPTO_ONLY,low,35,weak theme fit; review initiative-level multi-label suggestion,,,,,,,
44,2,a00a3b466c,Material,2,5/7/2026,JPMorgan,JPMorgan says Strategy’s bitcoin buying could reach $30 billion this year at current pace,Strategic Initiative,Crypto / Digital Assets,General Infrastructure,keep_unmapped,Crypto / Digital Assets,,RC03_NATIVE_CRYPTO_ONLY,low,35,weak theme fit; review initiative-level multi-label suggestion,,,,,,,
45,2,6c16c452f3,Material,2,5/7/2026,crypto.news,Crypto firms pursue bank licenses at Consensus,Regulatory Action,Crypto / Digital Assets,Regulation & Compliance,candidate_new_theme,Regulatory / Compliance,,RC04_TAXONOMY_GAP,medium,60,regulatory/perimeter signal with no current theme fit,,,,,,,
46,2,d6f80eff91,Material,3,5/6/2026,BIS,Monetary policy transmission to exchange rates: the role of currency carry trades,Strategic Initiative,,Trading & Exchange,candidate_new_theme,Regulatory / Compliance,,RC04_TAXONOMY_GAP,medium,60,regulatory/perimeter signal with no current theme fit,,,,,,,
47,2,d8496b4fe2,Material,3,5/6/2026,Coinbase,Fairshake defends midterm spending as voter trust crashes,Strategic Initiative,Crypto / Digital Assets,General Infrastructure,keep_unmapped,,,RC01_INSUFFICIENT_EVIDENCE,low,35,insufficient keyword or workflow evidence,,,,,,,
48,2,c680bd5c6c,Material,3,5/6/2026,Coinbase,Why Gillibrand believes the CLARITY Act will pass in 2026,Regulatory Action,,General Infrastructure,candidate_new_theme,Regulatory / Compliance,,RC04_TAXONOMY_GAP,medium,60,regulatory/perimeter signal with no current theme fit,,,,,,,
49,2,e905067832,Material,3,5/6/2026,Coinbase,The end of ads: Coinbase engineer says AI agents could kill the internet’s favorite business model,Platform / Infrastructure,,General Infrastructure,keep_unmapped,,,RC01_INSUFFICIENT_EVIDENCE,low,35,insufficient keyword or workflow evidence,,,,,,,
50,2,51fe8853a9,Material,3,5/6/2026,Coinbase,Coinbase Cuts 700 Jobs and Restructures Around AI as Crypto Downturn Deepens,Strategic Initiative,Crypto / Digital Assets,General Infrastructure,keep_unmapped,,,RC01_INSUFFICIENT_EVIDENCE,low,35,insufficient keyword or workflow evidence,,,,,,,
51,2,38be3f2de5,Material,3,5/6/2026,Coinbase,Coinbase sued by anonymous whale over frozen DAI from $55M scam,Strategic Initiative,Crypto / Digital Assets,General Infrastructure,keep_unmapped,,,RC01_INSUFFICIENT_EVIDENCE,low,35,insufficient keyword or workflow evidence,,,,,,,
52,2,5c9264d134,Material,3,5/6/2026,Coinbase,Crypto whale sues Coinbase for allegedly refusing to return stolen DAI,Strategic Initiative,Crypto / Digital Assets,General Infrastructure,keep_unmapped,,,RC01_INSUFFICIENT_EVIDENCE,low,35,insufficient keyword or workflow evidence,,,,,,,
53,2,7229c87d5f,Material,3,5/6/2026,ESMA (European Securities and Markets Authority),ESMA promotes proportionate supervision of MiFID II sustainability requirements,Regulatory Action,,Regulation & Compliance,candidate_new_theme,Regulatory / Compliance,,RC04_TAXONOMY_GAP,medium,60,regulatory/perimeter signal with no current theme fit,,,,,,,
54,2,0ec6ab8d17,Material,3,5/6/2026,JPMorgan,Eric Trump rejects JPMorgan’s bitcoin credibility,Strategic Initiative,Crypto / Digital Assets,General Infrastructure,keep_unmapped,Crypto / Digital Assets,,RC03_NATIVE_CRYPTO_ONLY,low,35,weak theme fit; review initiative-level multi-label suggestion,,,,,,,
55,2,5cbdc2dc88,Material,3,5/6/2026,JPMorgan,Eric Trump takes shot at JPMorgan rethinking bitcoin after 'crapping' on asset,Strategic Initiative,Crypto / Digital Assets,General Infrastructure,keep_unmapped,Crypto / Digital Assets,,RC03_NATIVE_CRYPTO_ONLY,low,35,weak theme fit; review initiative-level multi-label suggestion,,,,,,,
56,2,1097b36e8d,Material,3,5/6/2026,Morgan Stanley,Morgan Stanley pilots crypto trading on E*Trade with 50-basis-point fee: Bloomberg,Product Launch,Crypto / Digital Assets,Trading & Exchange,keep_unmapped,Crypto / Digital Assets,,RC03_NATIVE_CRYPTO_ONLY,low,35,weak theme fit; review initiative-level multi-label suggestion,,,,,,,
57,2,7a41c42f51,Material,3,5/6/2026,crypto.news,Arthur Hayes rejects crypto regulation at Consensus Miami,Regulatory Action,Crypto / Digital Assets,Regulation & Compliance,candidate_new_theme,Crypto / Digital Assets,,RC04_TAXONOMY_GAP,medium,60,regulatory/perimeter signal with no current theme fit,,,,,,,
58,2,b71aa4a9c7,Material,4,5/5/2026,BlackRock,"US spot bitcoin ETFs draw $532 million as inflows extend to a third day, led by BlackRock and Fidelity",Strategic Initiative,Crypto / Digital Assets,General Infrastructure,keep_unmapped,Crypto / Digital Assets,,RC03_NATIVE_CRYPTO_ONLY,low,35,weak theme fit; review initiative-level multi-label suggestion,,,,,,,
59,2,7370bd299d,Material,4,5/5/2026,CME Group,CME Group to launch cash-settled bitcoin volatility futures,Product Launch,Crypto / Digital Assets,Trading & Exchange,keep_unmapped,Crypto / Digital Assets,,RC03_NATIVE_CRYPTO_ONLY,low,35,weak theme fit; review initiative-level multi-label suggestion,,,,,,,
60,2,1eafaa2cc0,Material,4,5/5/2026,CoinShares,"Crypto ETPs log five straight weeks of inflows, topping $4B",Strategic Initiative,Crypto / Digital Assets,General Infrastructure,keep_unmapped,,,RC01_INSUFFICIENT_EVIDENCE,low,35,insufficient keyword or workflow evidence,,,,,,,
61,2,2de324bf78,Material,4,5/5/2026,CoinShares,"Global crypto ETP inflow streak extends to five weeks, masking sharp intraweek reversal: CoinShares",Strategic Initiative,Crypto / Digital Assets,General Infrastructure,keep_unmapped,,,RC01_INSUFFICIENT_EVIDENCE,low,35,insufficient keyword or workflow evidence,,,,,,,
62,2,1965f89e74,Material,4,5/5/2026,Coinbase,Coinbase cuts 14% of staff as AI reshapes how crypto companies operate,Strategic Initiative,Crypto / Digital Assets,General Infrastructure,keep_unmapped,,,RC01_INSUFFICIENT_EVIDENCE,low,35,insufficient keyword or workflow evidence,,,,,,,
63,2,f6d19482eb,Material,4,5/5/2026,Coinbase,Coinbase to cut 14% of workforce as Armstrong pushes AI-native structure,Strategic Initiative,,Trading & Exchange,keep_unmapped,,,RC01_INSUFFICIENT_EVIDENCE,low,35,insufficient keyword or workflow evidence,,,,,,,
64,2,29e572011f,Material,4,5/5/2026,Coinbase,Coinbase Australia launches crypto support for self-directed retirement funds,Product Launch,Crypto / Digital Assets,General Infrastructure,keep_unmapped,,,RC01_INSUFFICIENT_EVIDENCE,low,35,insufficient keyword or workflow evidence,,,,,,,
65,2,ebf339b056,Material,4,5/5/2026,Digital Asset Exchange,"Moscow Exchange bets bigger on crypto with SOL, XRP, TRX and BNB indexes",Product Launch,Crypto / Digital Assets,Trading & Exchange,keep_unmapped,,,RC01_INSUFFICIENT_EVIDENCE,low,35,insufficient keyword or workflow evidence,,,,,,,
66,2,8e5f1f6ab1,Material,4,5/5/2026,Morgan Stanley,Self-directed investors power bitcoin ETF launch despite Morgan Stanley’s scale,Product Launch,Crypto / Digital Assets,General Infrastructure,keep_unmapped,Crypto / Digital Assets,,RC03_NATIVE_CRYPTO_ONLY,low,35,weak theme fit; review initiative-level multi-label suggestion,,,,,,,
67,2,af7d333ce0,Material,4,5/5/2026,PayPal,"It's transparency, not tech alone, that drives crypto adoption, panelists tell Consensus Miami",Strategic Initiative,Crypto / Digital Assets,Data & Reporting,keep_unmapped,,,RC01_INSUFFICIENT_EVIDENCE,low,35,insufficient keyword or workflow evidence,,,,,,,
68,2,c2304404e1,Material,4,5/5/2026,Ripple,Ripple CEO Brad Garlinghouse says Clarity better than chaos as Senate hits key moment,Regulatory Action,Crypto / Digital Assets,General Infrastructure,candidate_new_theme,Regulatory / Compliance,,RC04_TAXONOMY_GAP,medium,60,regulatory/perimeter signal with no current theme fit,,,,,,,
69,2,f765cca5f8,Material,4,5/5/2026,Ripple,Ripple CEO Brad Garlinghouse warns next two weeks are critical for crypto legislation,Regulatory Action,Crypto / Digital Assets,Regulation & Compliance,candidate_new_theme,Regulatory / Compliance,,RC04_TAXONOMY_GAP,medium,60,regulatory/perimeter signal with no current theme fit,,,,,,,
70,2,c1d4937989,Material,4,5/5/2026,Ripple,Ripple shares North Korea-linked threat data as crypto attacks shift to social engineering,Strategic Initiative,Crypto / Digital Assets,Data & Reporting,keep_unmapped,,,RC01_INSUFFICIENT_EVIDENCE,low,35,insufficient keyword or workflow evidence,,,,,,,
71,2,d6ccfb24a5,Material,4,5/5/2026,Ripple,Ripple’s David Schwartz reveals he is nearly all in on XRP,Strategic Initiative,Crypto / Digital Assets,General Infrastructure,keep_unmapped,,,RC01_INSUFFICIENT_EVIDENCE,low,35,insufficient keyword or workflow evidence,,,,,,,
72,2,c24ddd6373,Material,4,5/5/2026,Ripple,Ripple begins sharing DPRK threat intel with crypto firms,Strategic Initiative,Crypto / Digital Assets,General Infrastructure,keep_unmapped,,,RC01_INSUFFICIENT_EVIDENCE,low,35,insufficient keyword or workflow evidence,,,,,,,
73,2,2164b67707,Material,4,5/5/2026,SEC (U.S. Securities and Exchange Commission),"SEC Pumps the Brakes on First Prediction-Market ETFs, Delaying 24 Products",Investment / M&A,,General Infrastructure,keep_unmapped,,,RC01_INSUFFICIENT_EVIDENCE,low,35,insufficient keyword or workflow evidence,,,,,,,
74,2,fb0659c84c,Material,5,5/4/2026,BIS,Acting under uncertainty - the case for supervisory risk appetite frameworks,Regulatory Action,,Regulation & Compliance,candidate_new_theme,Regulatory / Compliance|Digital Asset Strategy,,RC04_TAXONOMY_GAP,medium,60,regulatory/perimeter signal with no current theme fit,,,,,,,
75,2,85ddcd3a12,Material,5,5/4/2026,CFTC (Commodity Futures Trading Commission),"Kraken parent Payward closes $550 million Bitnomial deal, securing full CFTC derivatives stack",Regulatory Action,,Trading & Exchange|Regulation & Compliance,candidate_new_theme,Regulatory / Compliance,,RC04_TAXONOMY_GAP,medium,60,regulatory/perimeter signal with no current theme fit,,,,,,,
76,2,f3cbfd8c14,Material,5,5/4/2026,CFTC (Commodity Futures Trading Commission),CFTC prediction market rules spark industry debate,Regulatory Action,,Trading & Exchange|Regulation & Compliance,candidate_new_theme,Regulatory / Compliance,,RC04_TAXONOMY_GAP,medium,60,regulatory/perimeter signal with no current theme fit,,,,,,,
77,2,513af33f5c,Material,5,5/4/2026,Chainlink,Chainlink price spikes 3% at Consensus 2026,Strategic Initiative,Crypto / Digital Assets,General Infrastructure,keep_unmapped,Crypto / Digital Assets,,RC03_NATIVE_CRYPTO_ONLY,low,35,weak theme fit; review initiative-level multi-label suggestion,,,,,,,
78,2,e20009a55a,Material,5,5/4/2026,Coinbase,"Hut 8 swaps Coinbase loan for cheaper FalconX deal, slashing borrowing costs as it bets big on AI",Strategic Initiative,Crypto / Digital Assets,General Infrastructure,keep_unmapped,Crypto / Digital Assets,,RC03_NATIVE_CRYPTO_ONLY,low,35,weak theme fit; review initiative-level multi-label suggestion,,,,,,,
79,2,c800284489,Material,5,5/4/2026,Coinbase,Coinbase boosts Solana trading with DFlow integration,Strategic Initiative,,Trading & Exchange|Interoperability & Standards,map,Interoperability & Standards|DLT / Blockchain Infrastructure,dlt,,high,95,\binteroperabil(?:ity|e)\b|standards?,,,,,,,
80,2,3d30004030,Material,5,5/4/2026,Coinbase,Coinbase urges CFTC to keep prediction markets under rules,Regulatory Action,,Trading & Exchange|Regulation & Compliance,candidate_new_theme,Regulatory / Compliance,,RC04_TAXONOMY_GAP,medium,60,regulatory/perimeter signal with no current theme fit,,,,,,,
81,2,489b57ff5b,Material,5,5/4/2026,Digital Asset Exchange,Korean crypto exchanges push back against strict 10M won AML trigger,Strategic Partnership,Crypto / Digital Assets,Trading & Exchange|Regulation & Compliance,candidate_new_theme,Regulatory / Compliance,,RC04_TAXONOMY_GAP,medium,60,regulatory/perimeter signal with no current theme fit,,,,,,,
82,2,8d7a27d522,Material,5,5/4/2026,Morgan Stanley,"Morgan Stanley's Oldenburg: Bitcoin on U.S. bank balance sheets is coming, just not yet",Product Launch,Crypto / Digital Assets,Regulation & Compliance,candidate_new_theme,Crypto / Digital Assets,,RC04_TAXONOMY_GAP,medium,60,regulatory/perimeter signal with no current theme fit,,,,,,,
83,2,4952e295ae,Material,5,5/4/2026,SEC (U.S. Securities and Exchange Commission),SEC pumps the brakes on prediction market ETFs set to debut this week: Reuters,Strategic Initiative,,General Infrastructure,keep_unmapped,,,RC01_INSUFFICIENT_EVIDENCE,low,35,insufficient keyword or workflow evidence,,,,,,,
84,2,1bf709a75e,Material,6,5/3/2026,Digital Asset Exchange,Iran crypto giant Nobitex hit by sanctions questions: Reuters,Strategic Initiative,Crypto / Digital Assets,General Infrastructure,keep_unmapped,,,RC01_INSUFFICIENT_EVIDENCE,low,35,insufficient keyword or workflow evidence,,,,,,,
85,2,16d9acab1b,Material,7,5/2/2026,Digital Asset Exchange,Leading Iranian crypto exchange Nobitex was founded by sons of elite political family tied to supreme leaders: Reuters,Strategic Initiative,Crypto / Digital Assets,Trading & Exchange,keep_unmapped,,,RC01_INSUFFICIENT_EVIDENCE,low,35,insufficient keyword or workflow evidence,,,,,,,
86,2,39772179ba,Material,8,5/1/2026,CaixaBank,CaixaBank AI agent to be first port of call for customer interactions,Regulatory Action,,General Infrastructure,candidate_new_theme,Regulatory / Compliance,,RC04_TAXONOMY_GAP,medium,60,regulatory/perimeter signal with no current theme fit,,,,,,,
87,2,c51210c833,Material,8,5/1/2026,CoinShares,European crypto asset manager CoinShares records $7.4 billion AUM in first annual filing since Nasdaq listing,Strategic Filing / Plan,Crypto / Digital Assets,Trading & Exchange,keep_unmapped,,,RC01_INSUFFICIENT_EVIDENCE,low,35,insufficient keyword or workflow evidence,,,,,,,
88,2,a282b073ff,Material,8,5/1/2026,Ripple,"Ripple investors turn to new profit opportunities, with SHRMiner offering returns of up to $57,000 per month",Investment / M&A,Crypto / Digital Assets,General Infrastructure,keep_unmapped,Crypto / Digital Assets,,RC03_NATIVE_CRYPTO_ONLY,low,35,weak theme fit; review initiative-level multi-label suggestion,,,,,,,
89,2,548362e2d0,Material,8,5/1/2026,SBI Holdings,SBI Holdings eyes stake in crypto exchange Bitbank to build digital asset powerhouse,Strategic Partnership,Crypto / Digital Assets,Trading & Exchange,keep_unmapped,,,RC01_INSUFFICIENT_EVIDENCE,low,35,insufficient keyword or workflow evidence,,,,,,,
90,2,6d84bdbd8b,Material,8,5/1/2026,SBI Holdings,"SBI Holdings in talks to acquire stake in crypto exchange Bitbank, eyes subsidiary status",Investment / M&A,Crypto / Digital Assets,Trading & Exchange,keep_unmapped,,,RC01_INSUFFICIENT_EVIDENCE,low,35,insufficient keyword or workflow evidence,,,,,,,
91,2,2ae7268d48,Material,8,5/1/2026,crypto.news,Bithumb wins court stay on six‑month Korea FIU suspension,Strategic Initiative,Crypto / Digital Assets,Trading & Exchange,keep_unmapped,,,RC01_INSUFFICIENT_EVIDENCE,low,35,insufficient keyword or workflow evidence,,,,,,,
92,2,a532ed4744,Material,9,4/30/2026,Australian Securities and Investments Commission,Australian regulator warns of ungoverned AI risks to banks,Regulatory Action,,Regulation & Compliance,candidate_new_theme,Regulatory / Compliance,,RC04_TAXONOMY_GAP,medium,60,regulatory/perimeter signal with no current theme fit,,,,,,,
93,2,64d0c6caea,Material,9,4/30/2026,Tether,Tether Proposes Three-Way Merger to Build Integrated Bitcoin Platform Around Twenty One Capital,Platform / Infrastructure,Crypto / Digital Assets,General Infrastructure,keep_unmapped,Crypto / Digital Assets,,RC03_NATIVE_CRYPTO_ONLY,low,35,weak theme fit; review initiative-level multi-label suggestion,,,,,,,
94,2,0b22e5a65d,Material,10,4/29/2026,BIS (Bank for International Settlements),Shifting forces behind RMB internationalization: evidence from the 2025 Triennial Survey,Strategic Initiative,,Trading & Exchange|Data & Reporting,keep_unmapped,,,RC01_INSUFFICIENT_EVIDENCE,low,35,insufficient keyword or workflow evidence,,,,,,,
95,2,b3370e511f,Material,10,4/29/2026,FSB (Financial Stability Board),Identification of Critical Functions of Insurers: Practices paper – Revised version,Regulatory Action,,Regulation & Compliance,candidate_new_theme,Regulatory / Compliance,,RC04_TAXONOMY_GAP,medium,60,regulatory/perimeter signal with no current theme fit,,,,,,,
96,2,338cf9cb11,Material,10,4/29/2026,FSB (Financial Stability Board),Key Attributes Assessment Methodology for the Insurance Sector: Revised version,Regulatory Action,,Regulation & Compliance,candidate_new_theme,Regulatory / Compliance,,RC04_TAXONOMY_GAP,medium,60,regulatory/perimeter signal with no current theme fit,,,,,,,
97,2,46aaf3dbc2,Material,10,4/29/2026,FSB (Financial Stability Board),Developing Effective Resolution Strategies and Plans for Systemically Important Insurers: Revised version,Regulatory Action,,Regulation & Compliance,candidate_new_theme,Regulatory / Compliance,,RC04_TAXONOMY_GAP,medium,60,regulatory/perimeter signal with no current theme fit,,,,,,,
98,2,225c7684c7,Material,17,4/22/2026,BIS,Investment funds' de facto currency risk exposure,Investment / M&A,,General Infrastructure,keep_unmapped,,,RC01_INSUFFICIENT_EVIDENCE,low,35,insufficient keyword or workflow evidence,,,,,,,
99,2,ca499de1a6,Material,17,4/22/2026,Coinbase,"Bitcoin tops $79,000 as crypto rally gathers steam; Circle, Coinbase, Strategy lead",Strategic Initiative,Crypto / Digital Assets,General Infrastructure,keep_unmapped,Crypto / Digital Assets,,RC03_NATIVE_CRYPTO_ONLY,low,35,weak theme fit; review initiative-level multi-label suggestion,,,,,,,
100,2,d3687b5ff2,Material,17,4/22/2026,ESMA (European Securities and Markets Authority),ESMA sets out actions to simplify the retail investor journey and make investing more accessible,Regulatory Action,,Regulation & Compliance,candidate_new_theme,Regulatory / Compliance,,RC04_TAXONOMY_GAP,medium,60,regulatory/perimeter signal with no current theme fit,,,,,,,
101,2,1fa0bf0b4d,Material,17,4/22/2026,"FCA (Financial Conduct Authority, UK)",The London P2P sweep: UK FCA raids eight illegal peer-to-peer trading hubs,Strategic Initiative,,Trading & Exchange,keep_unmapped,,,RC01_INSUFFICIENT_EVIDENCE,low,35,insufficient keyword or workflow evidence,,,,,,,
102,2,d5a63739b9,Material,17,4/22/2026,Federal Reserve,Federal Reserve Board issues enforcement action with former employee of First Financial Bank,Strategic Initiative,,General Infrastructure,keep_unmapped,Digital Asset Strategy,,RC02_STRATEGY_ONLY,low,35,weak theme fit; review initiative-level multi-label suggestion,,,,,,,
103,2,77c3120b70,Material,17,4/22/2026,Nasdaq,Crypto giant GSR launches its first ETF to give investors an easy way to bet on the big 3 tokens,Product Launch,Crypto / Digital Assets,General Infrastructure,keep_unmapped,Crypto / Digital Assets,,RC03_NATIVE_CRYPTO_ONLY,low,35,weak theme fit; review initiative-level multi-label suggestion,,,,,,,
104,2,67679c6257,Material,18,4/21/2026,BlackRock,Strategy overtakes BlackRock IBIT in bitcoin holdings after bear market buying,Strategic Initiative,Crypto / Digital Assets,General Infrastructure,keep_unmapped,Crypto / Digital Assets,,RC03_NATIVE_CRYPTO_ONLY,low,35,weak theme fit; review initiative-level multi-label suggestion,,,,,,,
105,2,aa8434d3ba,Material,18,4/21/2026,Digital Asset Exchange,Bitget exchange brings pre-IPO tokens to masses starting with SpaceX on Solana,Investment / M&A,Crypto / Digital Assets,Trading & Exchange,keep_unmapped,,,RC01_INSUFFICIENT_EVIDENCE,low,35,insufficient keyword or workflow evidence,,,,,,,
106,2,87fcf5542e,Material,18,4/21/2026,Digital Asset Exchange,UK invites crypto giant Bybit to London to win over some of UAE’s innovation shine,Strategic Initiative,Crypto / Digital Assets,General Infrastructure,keep_unmapped,,,RC01_INSUFFICIENT_EVIDENCE,low,35,insufficient keyword or workflow evidence,,,,,,,
107,2,e3fffedb2a,Material,19,4/20/2026,Deutsche Bank,"U.S. crypto adoption is rebounding, bitcoin still dominates, Deutsche Bank says",Strategic Initiative,Crypto / Digital Assets,General Infrastructure,keep_unmapped,Crypto / Digital Assets,,RC03_NATIVE_CRYPTO_ONLY,low,35,weak theme fit; review initiative-level multi-label suggestion,,,,,,,
108,2,d602c4d22d,Material,22,4/17/2026,BlackRock,Congresswoman Biggs discloses six-figure BlackRock bitcoin ETF buy as BTC rebounds,Strategic Initiative,Crypto / Digital Assets,General Infrastructure,keep_unmapped,Crypto / Digital Assets,,RC03_NATIVE_CRYPTO_ONLY,low,35,weak theme fit; review initiative-level multi-label suggestion,,,,,,,
109,2,1e2013b68f,Material,23,4/16/2026,Federal Reserve,"Federal Reserve Board issues enforcement action with Community Bankshares, Inc.",Strategic Initiative,,General Infrastructure,keep_unmapped,Digital Asset Strategy,,RC02_STRATEGY_ONLY,low,35,weak theme fit; review initiative-level multi-label suggestion,,,,,,,
110,2,72c846dc41,Material,23,4/16/2026,Nasdaq,Alkami unveils AI Code Studio,Investment / M&A,,General Infrastructure,keep_unmapped,Digital Asset Strategy,,RC02_STRATEGY_ONLY,low,35,weak theme fit; review initiative-level multi-label suggestion,,,,,,,
111,2,7b5897c1a9,Material,23,4/16/2026,SEC (U.S. Securities and Exchange Commission),SEC seeks public comment on consolidated audit trail and other data sources,Regulatory Action,,Trading & Exchange|Regulation & Compliance|Data & Reporting,candidate_new_theme,Regulatory / Compliance,,RC04_TAXONOMY_GAP,medium,60,regulatory/perimeter signal with no current theme fit,,,,,,,
112,2,29816f920d,Material,26,4/13/2026,SEC (U.S. Securities and Exchange Commission),Why We Submitted Our SEC No-Action Letter Request,Strategic Initiative,,General Infrastructure,keep_unmapped,,,RC01_INSUFFICIENT_EVIDENCE,low,35,insufficient keyword or workflow evidence,,,,,,,
113,2,5162b1e725,Material,30,4/9/2026,Federal Reserve,"Federal Reserve Board announces termination of enforcement actions with Crédit Agricole S.A. and Crédit Agricole Corporate and Investment Bank, Mega International Commercial Bank Co., Ltd, and the Goldman Sachs Group, Inc.",Investment / M&A,,General Infrastructure,keep_unmapped,Digital Asset Strategy,,RC02_STRATEGY_ONLY,low,35,weak theme fit; review initiative-level multi-label suggestion,,,,,,,
114,3,ab422f739f,Context,0,5/9/2026,CoinDesk,Swiss central bank bitcoin reserve push fails over signature shortfall,Strategic Initiative,Crypto / Digital Assets,General Infrastructure,keep_unmapped,Crypto / Digital Assets,,RC03_NATIVE_CRYPTO_ONLY,low,35,weak theme fit; review initiative-level multi-label suggestion,,,,,,,
115,3,03e3c9e936,Context,0,5/9/2026,JPMorgan,Why JPMorgan AI is no longer an experiment,Pilot / Trial,,Data & Reporting,keep_unmapped,,,RC01_INSUFFICIENT_EVIDENCE,low,35,insufficient keyword or workflow evidence,,,,,,,
116,3,ca6adac3a3,Context,1,5/8/2026,crypto.news,Taiwan stocks surge as AI boom drives fastest growth since 1987,Pilot / Trial,,General Infrastructure,keep_unmapped,,,RC01_INSUFFICIENT_EVIDENCE,low,35,insufficient keyword or workflow evidence,,,,,,,
117,3,f18be73e93,Context,2,5/7/2026,Canton Network,Crypto ETF boom continues with debut of first fund to track Canton,Platform / Infrastructure,Crypto / Digital Assets,Trading & Exchange,keep_unmapped,,,RC01_INSUFFICIENT_EVIDENCE,low,35,insufficient keyword or workflow evidence,,,,,,,
118,3,04308d9b25,Context,2,5/7/2026,Chainlink,The $700 million migration: Why Solv Protocol is ditching LayerZero for Chainlink,Strategic Initiative,,General Infrastructure,keep_unmapped,,,RC01_INSUFFICIENT_EVIDENCE,low,35,insufficient keyword or workflow evidence,,,,,,,
119,3,a2f9b10b9c,Context,2,5/7/2026,CoinDesk,Kalshi confirms $1 billion raise at $22 billion valuation amid prediction market boom,Regulatory Action,,Trading & Exchange|Regulation & Compliance,keep_unmapped,Regulatory / Compliance,,RC01_INSUFFICIENT_EVIDENCE,low,35,weak theme fit; review initiative-level multi-label suggestion,,,,,,,
120,3,924cd6912c,Context,2,5/7/2026,Tether,Tether executive warns the 2026 midterms could have 'seismic impact' on crypto industry,Pilot / Trial,Crypto / Digital Assets,General Infrastructure,keep_unmapped,Regulatory / Compliance|Digital Asset Strategy,,RC01_INSUFFICIENT_EVIDENCE,low,35,weak theme fit; review initiative-level multi-label suggestion,,,,,,,
121,3,f997385c79,Context,2,5/7/2026,The Block,Bithumb eyes Vietnam expansion under new partnership with SSID,Strategic Partnership,,Trading & Exchange|Regulation & Compliance,keep_unmapped,Regulatory / Compliance,,RC01_INSUFFICIENT_EVIDENCE,low,35,weak theme fit; review initiative-level multi-label suggestion,,,,,,,
122,3,14b91eba44,Context,2,5/7/2026,crypto.news,"SoFi’s crypto relaunch earns $121m, keeps $852k",Product Launch,Crypto / Digital Assets,Trading & Exchange,keep_unmapped,,,RC01_INSUFFICIENT_EVIDENCE,low,35,insufficient keyword or workflow evidence,,,,,,,
123,3,3aecd88bff,Context,2,5/7/2026,crypto.news,Bithumb targets Vietnam crypto exchange market through SSID deal,Strategic Partnership,Crypto / Digital Assets,Trading & Exchange|Regulation & Compliance,keep_unmapped,Regulatory / Compliance,,RC01_INSUFFICIENT_EVIDENCE,low,35,weak theme fit; review initiative-level multi-label suggestion,,,,,,,
124,3,1c84674b11,Context,3,5/6/2026,BIS,"Poonam Gupta: Inflation targeting in India - the past, the present and the future",Research / Report,,,keep_unmapped,Regulatory / Compliance,,RC01_INSUFFICIENT_EVIDENCE,low,35,weak theme fit; review initiative-level multi-label suggestion,,,,,,,
125,3,b3bd07d54d,Context,3,5/6/2026,BIS,Abdul Rasheed Ghaffour: Defining moments - shaping the future story,Research / Report,,,keep_unmapped,,,RC01_INSUFFICIENT_EVIDENCE,low,35,insufficient keyword or workflow evidence,,,,,,,
126,3,40a7341aa9,Context,3,5/6/2026,Chainlink,Kelp DAO moves rsETH to Chainlink CCIP as LayerZero dispute grows,Strategic Initiative,,Interoperability & Standards,map,Interoperability & Standards|Crypto / Digital Assets|DLT / Blockchain Infrastructure,dlt,,high,93,\binteroperabil(?:ity|e)\b|standards?,,,,,,,
127,3,fc57afd824,Context,3,5/6/2026,CoinGeek,Cybersecurity strains grow as AI challenges Australian banks,Platform / Infrastructure,,General Infrastructure,keep_unmapped,,,RC01_INSUFFICIENT_EVIDENCE,low,35,insufficient keyword or workflow evidence,,,,,,,
128,3,786bd56a2a,Context,3,5/6/2026,ECB (European Central Bank),Luis de Guindos: Presentation of the European Central Bank Annual Report 2025 to the Committee on Economic and Monetary Affairs of the European Parliament,Research / Report,,,keep_unmapped,Digital Asset Strategy,,RC02_STRATEGY_ONLY,low,35,weak theme fit; review initiative-level multi-label suggestion,,,,,,,
129,3,2d28670c7d,Context,3,5/6/2026,Federal Reserve,Michelle W Bowman: A coordinated approach to consumer fraud protection,Research / Report,,,keep_unmapped,Regulatory / Compliance|Digital Asset Strategy,,RC01_INSUFFICIENT_EVIDENCE,low,35,weak theme fit; review initiative-level multi-label suggestion,,,,,,,
130,3,27819c9060,Context,3,5/6/2026,PayPal,PayPal Plans Job Cuts,Leadership & Governance,Leadership & Governance,,map,Payment Infrastructure|Digital Asset Strategy,stablecoins,,medium,75,\bpayments?\b|\bsettlement rail(?:s)?\b,,,,,,,
131,3,81b828d5c0,Context,3,5/6/2026,Ripple,The Protocol: AI Agents form their own firm,Strategic Initiative,,General Infrastructure,keep_unmapped,,,RC01_INSUFFICIENT_EVIDENCE,low,35,insufficient keyword or workflow evidence,,,,,,,
132,3,181bdc62a9,Context,3,5/6/2026,The Block,"21Shares lists Strategy-linked STRC ETN on London Stock Exchange, expands UK footprint",Investment / M&A,,Trading & Exchange,keep_unmapped,Digital Asset Strategy,,RC02_STRATEGY_ONLY,low,35,weak theme fit; review initiative-level multi-label suggestion,,,,,,,
133,3,0711f073fe,Context,3,5/6/2026,Unchained,"Kraken Partners With MoneyGram for Global Crypto-to-Cash Withdrawals, Says IPO Is “80% Ready”",Strategic Partnership,Crypto / Digital Assets,Trading & Exchange,keep_unmapped,,,RC01_INSUFFICIENT_EVIDENCE,low,35,insufficient keyword or workflow evidence,,,,,,,
134,3,44b9e8d6e1,Context,4,5/5/2026,BIS,"Santiago Bausili: Finance, economics and investments",Research / Report,,,keep_unmapped,,,RC01_INSUFFICIENT_EVIDENCE,low,35,insufficient keyword or workflow evidence,,,,,,,
135,3,2045b27431,Context,4,5/5/2026,BIS,Sanjay Malhotra: Indian financial markets - resilience and resurgence,Research / Report,,,keep_unmapped,,,RC01_INSUFFICIENT_EVIDENCE,low,35,insufficient keyword or workflow evidence,,,,,,,
136,3,f1a2035458,Context,4,5/5/2026,BIS,Aleš Michl: Forever hawkish,Research / Report,,,keep_unmapped,,,RC01_INSUFFICIENT_EVIDENCE,low,35,insufficient keyword or workflow evidence,,,,,,,
137,3,86d85cd26c,Context,4,5/5/2026,Chainlink,Kelp DAO ditches LayerZero for Chainlink’s cross-chain infrastructure following $292 million exploit,Platform / Infrastructure,,Interoperability & Standards,map,Interoperability & Standards|DLT / Blockchain Infrastructure,dlt,,high,95,\binteroperabil(?:ity|e)\b|standards?,,,,,,,
138,3,5e37f8584c,Context,4,5/5/2026,Chainlink,Kelp claims that LayerZero approved the setup it blamed for $292 million bridge hack,Strategic Initiative,,Interoperability & Standards,map,Interoperability & Standards|DLT / Blockchain Infrastructure,dlt,,high,93,\binteroperabil(?:ity|e)\b|standards?,,,,,,,
139,3,869a592e9b,Context,4,5/5/2026,CoinDesk,Kraken eyes IPO as it partners with MoneyGram to bridge crypto-to-cash gap,Strategic Partnership,Crypto / Digital Assets,Trading & Exchange|Interoperability & Standards,map,Interoperability & Standards|DLT / Blockchain Infrastructure,dlt,,high,93,\binteroperabil(?:ity|e)\b|standards?,,,,,,,
140,3,fca6c1188c,Context,4,5/5/2026,ESMA (European Securities and Markets Authority),ESMA consults on a new simplified approach to updating MMF stress test parameters,Product Launch,,Regulation & Compliance,keep_unmapped,Regulatory / Compliance,,RC01_INSUFFICIENT_EVIDENCE,low,35,weak theme fit; review initiative-level multi-label suggestion,,,,,,,
141,3,d9f9c0108f,Context,4,5/5/2026,Federal Reserve,Michelle W Bowman: Artificial intelligence in the financial system,Research / Report,,,keep_unmapped,Regulatory / Compliance|Digital Asset Strategy,,RC01_INSUFFICIENT_EVIDENCE,low,35,weak theme fit; review initiative-level multi-label suggestion,,,,,,,
142,3,7e58dfbef4,Context,4,5/5/2026,Google Cloud,"Google Cloud, Solana Foundation roll out new pay-as-you-go system for AI agents",Platform / Infrastructure,,General Infrastructure,keep_unmapped,,,RC01_INSUFFICIENT_EVIDENCE,low,35,insufficient keyword or workflow evidence,,,,,,,
143,3,a0ff0f69ab,Context,4,5/5/2026,MoonPay,"MoonPay acquires Solana execution layer firm DFlow used by Coinbase, Phantom",Investment / M&A,,Trading & Exchange,keep_unmapped,,,RC01_INSUFFICIENT_EVIDENCE,low,35,insufficient keyword or workflow evidence,,,,,,,
144,3,ce2e116902,Context,4,5/5/2026,Ripple,Garlinghouse defends Clarity Act Senate momentum,Regulatory Action,,General Infrastructure,keep_unmapped,Regulatory / Compliance,,RC01_INSUFFICIENT_EVIDENCE,low,35,weak theme fit; review initiative-level multi-label suggestion,,,,,,,
145,3,247f8f058d,Context,5,5/4/2026,CoinGeek,Prediction markets under fire as insiders game the system,Regulatory Action,,Trading & Exchange|Regulation & Compliance|Data & Reporting,keep_unmapped,Regulatory / Compliance,,RC01_INSUFFICIENT_EVIDENCE,low,35,weak theme fit; review initiative-level multi-label suggestion,,,,,,,
146,3,8e333adabb,Context,6,5/3/2026,CoinDesk,"Americans still prefer banks over crypto for financial access, CoinDesk's survey shows",Strategic Initiative,Crypto / Digital Assets,General Infrastructure,keep_unmapped,,,RC01_INSUFFICIENT_EVIDENCE,low,35,insufficient keyword or workflow evidence,,,,,,,
147,3,42e55cba1f,Context,7,5/2/2026,ESMA (European Securities and Markets Authority),ESMA launches its sixth stress test exercise for Central Counterparties,Product Launch,,Regulation & Compliance,keep_unmapped,Regulatory / Compliance,,RC01_INSUFFICIENT_EVIDENCE,low,35,weak theme fit; review initiative-level multi-label suggestion,,,,,,,
148,3,31177d41a6,Context,7,5/2/2026,ESMA (European Securities and Markets Authority),ESMA consults on guidelines on endorsement under the ESG Ratings Regulation,Product Launch,,Regulation & Compliance,keep_unmapped,Regulatory / Compliance,,RC01_INSUFFICIENT_EVIDENCE,low,35,weak theme fit; review initiative-level multi-label suggestion,,,,,,,
149,3,11d1b513b7,Context,7,5/2/2026,Ripple,David Schwartz rejects XRP price promise claim and denies Ripple holds a “magic switch”,Strategic Initiative,,General Infrastructure,keep_unmapped,,,RC01_INSUFFICIENT_EVIDENCE,low,35,insufficient keyword or workflow evidence,,,,,,,
150,3,caa8344d85,Context,8,5/1/2026,Broadridge Financial Solutions,Broadridge closes CQG acquisition,Investment / M&A,,Trading & Exchange|Interoperability & Standards,map,Interoperability & Standards|DLT / Blockchain Infrastructure,dlt,,high,93,\binteroperabil(?:ity|e)\b|standards?,,,,,,,
151,3,283bf7fd31,Context,8,5/1/2026,Finextra,Has regulation helped or hindered the fight against scams in the UK?,Regulatory Action,,Regulation & Compliance,keep_unmapped,Regulatory / Compliance,,RC01_INSUFFICIENT_EVIDENCE,low,35,weak theme fit; review initiative-level multi-label suggestion,,,,,,,
152,3,e40937dfeb,Context,8,5/1/2026,Google Cloud,OpenAI ends Microsoft exclusivity and can now sell its models on AWS and Google Cloud,Strategic Partnership,,Regulation & Compliance,keep_unmapped,Regulatory / Compliance,,RC01_INSUFFICIENT_EVIDENCE,low,35,weak theme fit; review initiative-level multi-label suggestion,,,,,,,
153,3,302acecd93,Context,8,5/1/2026,Revolut,Rezolve Ai SQD token goes live on Revolut,Product Launch,,Data & Reporting,keep_unmapped,,,RC01_INSUFFICIENT_EVIDENCE,low,35,insufficient keyword or workflow evidence,,,,,,,
154,3,558fdca195,Context,8,5/1/2026,Ripple,Why Brad Garlinghouse believes the CLARITY Act will pass in May despite missing two deadlines,Regulatory Action,,General Infrastructure,keep_unmapped,Regulatory / Compliance,,RC01_INSUFFICIENT_EVIDENCE,low,35,weak theme fit; review initiative-level multi-label suggestion,,,,,,,
155,3,517c3ee995,Context,8,5/1/2026,Ripple,CLARITY Act window slams shut after May 21,Regulatory Action,,General Infrastructure,keep_unmapped,Regulatory / Compliance|Digital Asset Strategy,,RC01_INSUFFICIENT_EVIDENCE,low,35,weak theme fit; review initiative-level multi-label suggestion,,,,,,,
156,3,ae1368c767,Context,9,4/30/2026,BIS,Tiff Macklem: Release of the Monetary Policy Report,Research / Report,,,keep_unmapped,Regulatory / Compliance,,RC01_INSUFFICIENT_EVIDENCE,low,35,weak theme fit; review initiative-level multi-label suggestion,,,,,,,
157,3,ec6244d7c7,Context,9,4/30/2026,BIS,Ale&#353; Michl: A central bank. And bitcoin.,Research / Report,,,keep_unmapped,Crypto / Digital Assets,,RC03_NATIVE_CRYPTO_ONLY,low,35,weak theme fit; review initiative-level multi-label suggestion,,,,,,,
158,3,e9ecbd6d5d,Context,9,4/30/2026,BIS,Jorgovanka Tabakovi&#263;: Brave old world,Research / Report,,,keep_unmapped,,,RC01_INSUFFICIENT_EVIDENCE,low,35,insufficient keyword or workflow evidence,,,,,,,
159,3,538d82613a,Context,9,4/30/2026,PayPal,PayPal reorganisation gives Venmo its own business unit,Leadership & Governance,Leadership & Governance,,map,Payment Infrastructure|Digital Asset Strategy,stablecoins,,medium,75,\bpayments?\b|\bsettlement rail(?:s)?\b,,,,,,,
160,3,59a4b001fb,Context,11,4/28/2026,BIS,Chiara Scotti: From analysis to action - AI in financial markets,Research / Report,,,keep_unmapped,Regulatory / Compliance,,RC01_INSUFFICIENT_EVIDENCE,low,35,weak theme fit; review initiative-level multi-label suggestion,,,,,,,
161,3,3d8d60edb9,Context,11,4/28/2026,HKMA (Hong Kong Monetary Authority),"Eddie Yue: Opening remarks - International Conference ""Climate, capital, and policy: advancing sustainable economic frameworks""",Research / Report,,,keep_unmapped,Regulatory / Compliance|Digital Asset Strategy,,RC01_INSUFFICIENT_EVIDENCE,low,35,weak theme fit; review initiative-level multi-label suggestion,,,,,,,
162,3,0a4b1b1c8e,Context,16,4/23/2026,Deutsche Bank,How Thought Leadership Insights Can Be a Flywheel for Investor Trust,Investment / M&A,,General Infrastructure,keep_unmapped,,,RC01_INSUFFICIENT_EVIDENCE,low,35,insufficient keyword or workflow evidence,,,,,,,
163,3,6f731013ac,Context,17,4/22/2026,BIS,Erik Thedéen: Vulnerabilities and resilience in a new world order,Research / Report,,,keep_unmapped,,,RC01_INSUFFICIENT_EVIDENCE,low,35,insufficient keyword or workflow evidence,,,,,,,
164,3,11d8132929,Context,17,4/22/2026,CoinDesk,"Kalshi flags more insider trading cases, including politician who appeared on FBoy Island",Regulatory Action,,Trading & Exchange|Regulation & Compliance,keep_unmapped,Regulatory / Compliance,,RC01_INSUFFICIENT_EVIDENCE,low,35,weak theme fit; review initiative-level multi-label suggestion,,,,,,,
165,3,c9b7e83962,Context,18,4/21/2026,BIS,Björk Sigurgísladóttir: Financial supervision from the perspective of the Deputy Governor for Financial Supervision,Research / Report,,,keep_unmapped,Regulatory / Compliance,,RC01_INSUFFICIENT_EVIDENCE,low,35,weak theme fit; review initiative-level multi-label suggestion,,,,,,,
166,3,bae18f3586,Context,18,4/21/2026,BIS,"Joachim Nagel: Already here, not yet everywhere - shaping the economic impact of artificial intelligence",Research / Report,,,keep_unmapped,,,RC01_INSUFFICIENT_EVIDENCE,low,35,insufficient keyword or workflow evidence,,,,,,,
167,3,291a31915e,Context,18,4/21/2026,BIS,Anna Breman: Global shockwaves to Kiwi shores - the impact of the Iran conflict on New Zealand,Research / Report,,,keep_unmapped,,,RC01_INSUFFICIENT_EVIDENCE,low,35,insufficient keyword or workflow evidence,,,,,,,
168,3,0b2ef4958c,Context,18,4/21/2026,BIS,Fabio Panetta: Statement - meeting of the Development Committee,Research / Report,,,keep_unmapped,Digital Asset Strategy,,RC02_STRATEGY_ONLY,low,35,weak theme fit; review initiative-level multi-label suggestion,,,,,,,
169,3,925be85538,Context,18,4/21/2026,CoinDesk,European banks are at risk of losing customers to rivals with better crypto tools,Strategic Partnership,Crypto / Digital Assets,Regulation & Compliance,keep_unmapped,Regulatory / Compliance,,RC01_INSUFFICIENT_EVIDENCE,low,35,weak theme fit; review initiative-level multi-label suggestion,,,,,,,
170,3,8a541dd927,Context,19,4/20/2026,BIS,Vasileios Madouros: Minding the tails - safeguarding resilience of non-bank finance,Research / Report,,,keep_unmapped,,,RC01_INSUFFICIENT_EVIDENCE,low,35,insufficient keyword or workflow evidence,,,,,,,
171,3,dc12709d52,Context,19,4/20/2026,BIS,Dimitar Radev: The current environment is not defined primarily by the baseline scenario. It is defined by the widening range of outcomes around it,Research / Report,,,keep_unmapped,,,RC01_INSUFFICIENT_EVIDENCE,low,35,insufficient keyword or workflow evidence,,,,,,,
172,3,ce848da669,Context,19,4/20/2026,BIS,The geography of AI firms,Product Launch,,General Infrastructure,keep_unmapped,,,RC01_INSUFFICIENT_EVIDENCE,low,35,insufficient keyword or workflow evidence,,,,,,,
173,3,af71e8a535,Context,19,4/20/2026,ECB (European Central Bank),Piero Cipollone: Sparking the transformation of finance - tokenisation and the role of central banks,Research / Report,,,keep_unmapped,Digital Asset Strategy,,RC02_STRATEGY_ONLY,low,35,weak theme fit; review initiative-level multi-label suggestion,,,,,,,
174,3,f0da73a902,Context,19,4/20/2026,ESMA (European Securities and Markets Authority),ESMA clarifies expectations in the run-up to the launch of EU’s Consolidated Tapes,Product Launch,,Trading & Exchange|Regulation & Compliance|Data & Reporting,keep_unmapped,Regulatory / Compliance,,RC01_INSUFFICIENT_EVIDENCE,low,35,weak theme fit; review initiative-level multi-label suggestion,,,,,,,
175,3,31b460aa4f,Context,19,4/20/2026,ESMA (European Securities and Markets Authority),ESMA publishes latest edition of its newsletter,Strategic Partnership,,Regulation & Compliance|Data & Reporting,keep_unmapped,Regulatory / Compliance,,RC01_INSUFFICIENT_EVIDENCE,low,35,weak theme fit; review initiative-level multi-label suggestion,,,,,,,
176,3,162478b186,Context,20,4/19/2026,Nomura,Nomura study says 65% of institutional investors see crypto as a vital portfolio diversifier,Regulatory Action,Crypto / Digital Assets,Regulation & Compliance,keep_unmapped,Regulatory / Compliance,,RC01_INSUFFICIENT_EVIDENCE,low,35,weak theme fit; review initiative-level multi-label suggestion,,,,,,,
177,3,5413bc0b2f,Context,21,4/18/2026,CoinDesk,Zondacrypto under fire as Poland's prime minister links exchange to legislative interference,Strategic Initiative,Crypto / Digital Assets,Trading & Exchange,keep_unmapped,Crypto / Digital Assets,,RC03_NATIVE_CRYPTO_ONLY,low,35,weak theme fit; review initiative-level multi-label suggestion,,,,,,,
178,3,b31cc92698,Context,22,4/17/2026,Chainalysis,Sanctioned Russia-Linked Exchange Grinex Suspends Operations Following Alleged Cyberattack,Leadership & Governance,Leadership & Governance,,keep_unmapped,Digital Asset Strategy,,RC02_STRATEGY_ONLY,low,35,weak theme fit; review initiative-level multi-label suggestion,,,,,,,
179,3,01db13448c,Context,22,4/17/2026,CoinDesk,Kraken's parent company Payward to acquire derivatives exchange Bitnomial for $550 million in cash and stock,Regulatory Action,Crypto / Digital Assets,Trading & Exchange|Regulation & Compliance,keep_unmapped,Regulatory / Compliance,,RC01_INSUFFICIENT_EVIDENCE,low,35,weak theme fit; review initiative-level multi-label suggestion,,,,,,,
180,3,705baffb21,Context,22,4/17/2026,CoinDesk,Russia-linked Grinex exchange halts operations after $13 million ‘state-backed’ hack,Strategic Initiative,,Trading & Exchange,keep_unmapped,,,RC01_INSUFFICIENT_EVIDENCE,low,35,insufficient keyword or workflow evidence,,,,,,,
181,3,c54644c0c6,Context,22,4/17/2026,Finextra,Tabby secures UAE licence,Platform / Infrastructure,,General Infrastructure,keep_unmapped,,,RC01_INSUFFICIENT_EVIDENCE,low,35,insufficient keyword or workflow evidence,,,,,,,
182,3,cc3e290cda,Context,22,4/17/2026,MAS (Monetary Authority of Singapore),Moody’s agentic workflows land on AWS Marketplace,Platform / Infrastructure,,Trading & Exchange,keep_unmapped,,,RC01_INSUFFICIENT_EVIDENCE,low,35,insufficient keyword or workflow evidence,,,,,,,
183,3,ac2859bfc3,Context,23,4/16/2026,BIS,Cyber risk stress testing for banks,Product Launch,,General Infrastructure,keep_unmapped,,,RC01_INSUFFICIENT_EVIDENCE,low,35,insufficient keyword or workflow evidence,,,,,,,
184,3,3eda5bd978,Context,23,4/16/2026,BIS,Richard Byles: Redefining economic leadership - building resilient financial ecosystems in emerging markets,Research / Report,,,keep_unmapped,,,RC01_INSUFFICIENT_EVIDENCE,low,35,insufficient keyword or workflow evidence,,,,,,,
185,3,addba34cd7,Context,23,4/16/2026,BIS,Dimitar Radev: Economic prospects in an uncertain global environment,Research / Report,,,keep_unmapped,,,RC01_INSUFFICIENT_EVIDENCE,low,35,insufficient keyword or workflow evidence,,,,,,,
186,3,9ddf3a428f,Context,23,4/16/2026,CaixaBank,CaixaBank collaborates with Flanks to give wealth clients aggregated view of financial assets,Product Launch,,Regulation & Compliance,keep_unmapped,Regulatory / Compliance,,RC01_INSUFFICIENT_EVIDENCE,low,35,weak theme fit; review initiative-level multi-label suggestion,,,,,,,
187,3,55919483bd,Context,23,4/16/2026,Circle,Circle hit with class action lawsuit over alleged inaction in $280 million Drift exploit,Regulatory Action,,General Infrastructure,keep_unmapped,Regulatory / Compliance,,RC01_INSUFFICIENT_EVIDENCE,low,35,weak theme fit; review initiative-level multi-label suggestion,,,,,,,
188,3,a001aa315f,Context,23,4/16/2026,Circle,"Drift secures up to $127 million from Tether for user recovery, pivots from Circle’s USDC to USDT after $280 million exploit",Strategic Initiative,,General Infrastructure,keep_unmapped,,,RC01_INSUFFICIENT_EVIDENCE,low,35,insufficient keyword or workflow evidence,,,,,,,
189,3,08af0159e6,Context,23,4/16/2026,CoinGeek,Thailand eyes stricter checks on crypto firm backers,Regulatory Action,Crypto / Digital Assets,Regulation & Compliance,keep_unmapped,Regulatory / Compliance,,RC01_INSUFFICIENT_EVIDENCE,low,35,weak theme fit; review initiative-level multi-label suggestion,,,,,,,
190,3,958f2585b9,Context,23,4/16/2026,ESMA (European Securities and Markets Authority),ESMA launches a call for evidence on restricted subscription and private credit ratings,Product Launch,,Regulation & Compliance,keep_unmapped,Regulatory / Compliance,,RC01_INSUFFICIENT_EVIDENCE,low,35,weak theme fit; review initiative-level multi-label suggestion,,,,,,,
191,3,e5760b3987,Context,23,4/16/2026,Federal Reserve,Michael S Barr: Rural communities - worth the investment,Research / Report,,,keep_unmapped,Digital Asset Strategy,,RC02_STRATEGY_ONLY,low,35,weak theme fit; review initiative-level multi-label suggestion,,,,,,,
192,3,c39c58cafe,Context,23,4/16/2026,Finextra,BackBase taps Ninth Wave to provide a bridge between banks and client ERP systems,Strategic Partnership,,Regulation & Compliance|Interoperability & Standards|Data & Reporting,map,Interoperability & Standards|Regulatory / Compliance|DLT / Blockchain Infrastructure,dlt,,high,93,\binteroperabil(?:ity|e)\b|standards?,,,,,,,
193,3,cc9d7f4bc9,Context,23,4/16/2026,Finextra,ABN Amro opens access to crypto investments,Investment / M&A,Crypto / Digital Assets,Trading & Exchange,keep_unmapped,,,RC01_INSUFFICIENT_EVIDENCE,low,35,insufficient keyword or workflow evidence,,,,,,,
194,3,d6110d18b6,Context,24,4/15/2026,Tether,Former Lutnick-run Cantor Fitzgerald donates $10 million to crypto PAC led by Tether exec,Strategic Initiative,Crypto / Digital Assets,General Infrastructure,keep_unmapped,Digital Asset Strategy,,RC02_STRATEGY_ONLY,low,35,weak theme fit; review initiative-level multi-label suggestion,,,,,,,
195,3,fda331b7c1,Context,24,4/15/2026,Tether,Crypto's new $11 million PAC booked millions in ads with firm started by Tether US CEO,Investment / M&A,Crypto / Digital Assets,General Infrastructure,keep_unmapped,Digital Asset Strategy,,RC02_STRATEGY_ONLY,low,35,weak theme fit; review initiative-level multi-label suggestion,,,,,,,
196,3,950422207e,Context,24,4/15/2026,The Block,CryptoQuant says bitcoin rally faces rising profit-taking risk as exchange inflows jump,Strategic Initiative,Crypto / Digital Assets,Trading & Exchange,keep_unmapped,Crypto / Digital Assets,,RC03_NATIVE_CRYPTO_ONLY,low,35,weak theme fit; review initiative-level multi-label suggestion,,,,,,,
197,3,911298422f,Context,26,4/13/2026,FSB (Financial Stability Board),FSB Chair warns of rising financial risks stemming from Middle East conflict,Regulatory Action,,General Infrastructure,keep_unmapped,Regulatory / Compliance,,RC01_INSUFFICIENT_EVIDENCE,low,35,weak theme fit; review initiative-level multi-label suggestion,,,,,,,
198,3,d490920c0d,Context,30,4/9/2026,Chainalysis,Operation Atlantic: How Public-Private Collaboration Is Freezing Millions in Crypto Scam Proceeds,Strategic Partnership,Crypto / Digital Assets,General Infrastructure,keep_unmapped,,,RC01_INSUFFICIENT_EVIDENCE,low,35,insufficient keyword or workflow evidence,,,,,,,
199,3,2d9522f9c4,Context,38,4/1/2026,BIS,Quantum Bayesian inference: an exploration,Regulatory Action,,Regulation & Compliance,keep_unmapped,Regulatory / Compliance,,RC01_INSUFFICIENT_EVIDENCE,low,35,weak theme fit; review initiative-level multi-label suggestion,,,,,,,
200,3,70766deb51,Context,40,3/30/2026,BIS,Opening doors to open finance: evidence from the international experience,Platform / Infrastructure,,Data & Reporting,keep_unmapped,,,RC01_INSUFFICIENT_EVIDENCE,low,35,insufficient keyword or workflow evidence,,,,,,,
201,3,986b165a98,Context,44,3/26/2026,Federal Reserve,"Federal Reserve Board announces it has made the joint findings with the Office of the Comptroller of the Currency required for the OCC to approve a request by Morgan Stanley Bank, N.A., for an exemption under section 23A of the Federal Reserve Act",Strategic Partnership,,General Infrastructure,keep_unmapped,Digital Asset Strategy,,RC02_STRATEGY_ONLY,low,35,weak theme fit; review initiative-level multi-label suggestion,,,,,,,
202,3,0bd8634276,Context,45,3/25/2026,BIS,Sound management of third-party risk - Executive Summary,Product Launch,,General Infrastructure,keep_unmapped,Digital Asset Strategy,,RC02_STRATEGY_ONLY,low,35,weak theme fit; review initiative-level multi-label suggestion,,,,,,,
203,3,d332390c82,Context,45,3/25/2026,BIS,Supervising DEI in insurance - Executive Summary,Strategic Filing / Plan,,Regulation & Compliance,keep_unmapped,Regulatory / Compliance|Digital Asset Strategy,,RC01_INSUFFICIENT_EVIDENCE,low,35,weak theme fit; review initiative-level multi-label suggestion,,,,,,,
204,3,efdebf28ec,Context,48,3/22/2026,Bank of Korea,Statement on the nomination of Hyun Song Shin as Governor of the Bank of Korea,Strategic Initiative,,General Infrastructure,keep_unmapped,,,RC01_INSUFFICIENT_EVIDENCE,low,35,insufficient keyword or workflow evidence,,,,,,,
205,3,837bad9971,Context,50,3/20/2026,BIS,What needs to be done to improve the efficiency of the resolution framework of the banking union,Regulatory Action,,Regulation & Compliance,keep_unmapped,Regulatory / Compliance,,RC01_INSUFFICIENT_EVIDENCE,low,35,weak theme fit; review initiative-level multi-label suggestion,,,,,,,
206,3,7471c4b6fc,Context,50,3/20/2026,Federal Reserve,Federal Reserve Board issues enforcement actions with former employee of Ally Bank and former employee of Regions Bank,Strategic Initiative,,General Infrastructure,keep_unmapped,Digital Asset Strategy,,RC02_STRATEGY_ONLY,low,35,weak theme fit; review initiative-level multi-label suggestion,,,,,,,
207,3,8412e866c9,Context,51,3/19/2026,Federal Reserve,Agencies request comment on proposals to modernize the regulatory capital framework and maintain the strength of the banking system,Regulatory Action,,Regulation & Compliance,keep_unmapped,Regulatory / Compliance,,RC01_INSUFFICIENT_EVIDENCE,low,35,weak theme fit; review initiative-level multi-label suggestion,,,,,,,
208,3,428e9d2fc0,Context,53,3/17/2026,BIS,Ben Gully appointed Secretary General of the Basel Committee on Banking Supervision,Leadership & Governance,Leadership & Governance,,map,Interoperability & Standards|Regulatory / Compliance|DLT / Blockchain Infrastructure,dlt,,high,93,\binteroperabil(?:ity|e)\b|standards?,,,,,,,
209,4,0405cf3263,Noise,3,5/6/2026,Chainlink,"Kelp DAO Claims LayerZero Approved the Setup It Blamed for $292 Million Hack, Migrates to Chainlink",Research / Report,,Interoperability & Standards,map,Interoperability & Standards|DLT / Blockchain Infrastructure,dlt,,high,93,\binteroperabil(?:ity|e)\b|standards?,,,,,,,
210,4,1bb7e72809,Noise,22,4/17/2026,Circle,"Drift Secures $147.5 Million From Tether, Drops Circle’s USDC After Massive Exploit",Product Launch,,General Infrastructure,keep_unmapped,,,RC01_INSUFFICIENT_EVIDENCE,low,35,insufficient keyword or workflow evidence,,,,,,,
211,4,11bea047e7,Noise,27,4/12/2026,Revolut,Deep Dive: An Analytical Breakdown of Revolut’s 2025 Performance,Product Launch,,General Infrastructure,keep_unmapped,,,RC01_INSUFFICIENT_EVIDENCE,low,35,insufficient keyword or workflow evidence,,,,,,,
212,4,635377bc44,Context,173,11/17/2025,Cboe Global Markets,Cboe Continuous Bitcoin and Ether Futures,Product Launch,Crypto / Digital Assets,Trading & Exchange|Interoperability & Standards,map,Crypto / Digital Assets,dlt,,low,66,\binteroperabil(?:ity|e)\b|standards?,,,,,,,
213,4,460ceeda5f,Context,173,11/17/2025,Singapore Exchange (SGX),SGX Derivatives Institutional Crypto Perpetual Futures,Product Launch,Crypto / Digital Assets,Trading & Exchange|Regulation & Compliance,keep_unmapped,Regulatory / Compliance,,RC01_INSUFFICIENT_EVIDENCE,low,35,weak theme fit; review initiative-level multi-label suggestion,,,,,,,
214,4,e0143486a3,Context,334,6/9/2025,Cboe Global Markets,Cboe Digital Exchange Futures Migration to Cboe Futures Exchange (CFE),Product Launch,Crypto / Digital Assets,Trading & Exchange|Interoperability & Standards,map,Crypto / Digital Assets,dlt,,low,66,\binteroperabil(?:ity|e)\b|standards?,,,,,,,
215,4,6164965f3e,Context,493,1/1/2025,T. Rowe Price,Digital Assets Return Framework Research (2025),Regulatory Action,Crypto / Digital Assets,Regulation & Compliance|Interoperability & Standards,map,Interoperability & Standards|Regulatory / Compliance|DLT / Blockchain Infrastructure,dlt,,high,93,\binteroperabil(?:ity|e)\b|standards?,,,,,,,
216,4,10f749ed61,Context,537,11/18/2024,Goldman Sachs,GS DAP Spin-Out Announcement,Strategic Partnership,Crypto / Digital Assets,Regulation & Compliance,keep_unmapped,Regulatory / Compliance,,RC01_INSUFFICIENT_EVIDENCE,low,35,weak theme fit; review initiative-level multi-label suggestion,,,,,,,
