id,date,domain,source_url,title,title_desc_overlap,summary_len,recommended_action,suggested_decision,final_decision,reviewer_notes,summary_full
7i7pmk,5/4/2026,www.theblock.co,https://www.theblock.co/post/399880/krakens-parent-company-alleges-custodian-etana-misappropriated-25-million,Kraken’s parent company alleges custodian Etana misappropriated $25 million,0.125,125,manual_validate_title_vs_summary,keep,keep,,"Etana is accused of operating a ""Ponzi-like enterprise"" the resulted in using capital to fund expenses and risky investments."
vojv35,5/4/2026,www.theblock.co,https://www.theblock.co/post/399878/stablecoin-startup-rain-joins-mastercard-as-a-principal-member,Stablecoin startup Rain joins Mastercard as a Principal Member,0.143,137,manual_validate_title_vs_summary,keep,keep,,"Rain, which was valued at $1.95 billion during a Series C round announced in January, has an existing relationship with card issuer Visa."
kmf5nw,5/4/2026,www.coindesk.com,https://www.coindesk.com/business/2026/05/04/shopify-and-national-bank-of-canada-are-among-backers-of-a-new-digital-currency-built-to-settle-trades-24-7,Shopify and National Bank of Canada are among backers of a new digital currency built to settle trades 24/7,0.091,548,manual_validate_title_vs_summary,keep,keep,,"Tetra Trust Company, a regulated Canadian digital asset custodian, has launched CADD, a Canadian-dollar-pegged stablecoin issued under approval from the Alberta Treasury Board and Finance, making it the first CAD stablecoin from a provincially regulated financial institution. The token is currently live on Base, Ethereum, and Tempo, with reserves held in trust under Canadian law and ring-fenced for redemption, addressing a structural gap in domestic blockchain-based settlement where USD-denominated stablecoins have filled the void by default."
1n1ool,5/5/2026,coingeek.com,https://coingeek.com/tether-begins-first-stablecoin-audit-as-lutnick-loan-scrutiny-mounts/,Tether begins first stablecoin audit as Lutnick loan scrutiny mounts,0,195,re-summarize_and_verify,resummarize,resummarize,,"Ardoino noted that USDT’s market cap has grown by $6 billion since the end of March, “reflecting sustained demand” in the token that plays a dominant role in digital asset exchange trading pairs."
vksvnr,5/5/2026,www.coindesk.com,https://www.coindesk.com/business/2026/05/05/it-s-transparency-not-tech-alone-that-drives-crypto-adoption-panelists-tell-consensus-miami,"It's transparency, not tech alone, that drives crypto adoption, panelists tell Consensus Miami",0,677,re-summarize_and_verify,resummarize,resummarize,,"And I think you do that best by talking to your customers and your prospects and really figuring out what's making their heart beat,"" she said, citing earlier remarks from a former Mastercard CMO that traditional market research is now only ""23% accurate."" In a closing lightning round, Lanka predicted users will ""increasingly make the wealth manager redundant""; White predicted CLARITY Act passage and tokenized RWAs hitting stride in the U.S.; Bell floated that “by the beginning of next year,” 80% of Americans could be operating with at least one AI agent; and Purohit predicted “pay as you go” models for content, pointing to stablecoins as a way to enable micropayments."
gqu1kc,5/6/2026,www.ledgerinsights.com,https://www.ledgerinsights.com/nyse-okx-securitze-discuss-tokenizing-stocks-the-right-way-versus-synthetically/,"NYSE, OKX, Securitze discuss tokenizing stocks “the right way” versus synthetically",0.1,151,manual_validate_title_vs_summary,keep,resummarize,the summary is an incomplete sentence/thought,"Yesterday during a Consensus panel, the topic of synthetic tokenized stocks was discussed, with Securitize CEO Carlos Domingo pushing back hard against"
jz6xf,5/6/2026,coingeek.com,https://coingeek.com/cybersecurity-strains-grow-as-ai-challenges-australian-banks/,Cybersecurity strains grow as AI challenges Australian banks,0,175,re-summarize_and_verify,resummarize,remove,this appears to be unrelated to digital asset infrastructure,"Despite increasing awareness about the evolving risk landscape, the financial regulator said many of these banking institutions are still adapting their internal capabilities."
tzweh1,5/6/2026,crypto.news,https://crypto.news/erik-reppel-says-ai-agents-will-kill-online-ads/,Why Erik Reppel says AI agents end internet ads,0,160,re-summarize_and_verify,resummarize,resummarize,,"He argued that x402, a Coinbase-backed protocol for stablecoin micropayments, could replace advertising as the primary way web content is monetised by software."
dygbxx,5/6/2026,crypto.news,https://crypto.news/anchorage-digital-launches-ai-banking-for-autonomous-payments/,Anchorage Digital launches AI banking for autonomous payments,0,198,re-summarize_and_verify,resummarize,keep,,"In March, the bank took a strategic stake in Immunefi and acquired its IMU token, linking regulated custody services with on-chain security programs aimed at reducing smart contract vulnerabilities."
fcagxm,5/6/2026,www.theblock.co,https://www.theblock.co/post/400281/ripple-jpmorgan-xrp-ledger-transfer-tokenized-treasury-across-borders,"Ripple, JPMorgan and others use XRP Ledger to cash out tokenized Treasurys fund internationally",0.167,516,manual_validate_title_vs_summary,keep,resummarize,includes content from other articles,"""For the first time, a public blockchain and global banking infrastructure settled a cross-border transaction of a tokenized fund together in real time."" The pilot transaction represents another example of crypto firms, payments companies and Wall Street institutions coming together to explore faster, cheaper payment and settlement systems that can operate around the clock. Exodus launches non-custodial payments as it expands beyond core wallet product Dec 09, 2025, 9:30AM EST • Infrastructure © 2026 the block."
