id,date,domain,confidence,score,reasons,desc_len,url,initiative,description_head
vorc0h,2026-05-08,crypto.news,high,9,site_nav|title_overlap_too_low,563,https://crypto.news/ondo-price-breaks-0-30-resistance-amid-rwa-growth-can-it-revisit-january-highs/,"Ondo price breaks $0.30 resistance amid RWA growth, can it revisit January highs?","Ondo Finance's ONDO token surged more than 50% in a single week following a successful cross-border institutional settlement pilot conducted with JPMorgan's Kinexys, Mastercard, and Ripple, in which tokenized U.S. Treasuries were redeemed and settled in under five seconds on the XRP Ledger. The proj"
vuzuso,2026-05-07,crypto.news,medium,6,title_overlap_too_low|too_short_180,156,https://crypto.news/sofi-made-121m-in-crypto-but-kept-almost-none/,"SoFi’s crypto relaunch earns $121m, keeps $852k","The bank launched SoFiUSD in December and partnered with Mastercard for settlement, but the GENIUS Act may force a structural change to the stablecoin unit."
o5ifws,2026-05-08,crypto.news,medium,6,title_overlap_too_low|too_short_180,118,https://crypto.news/coinbase-perps-shake-up-hits-kaito-cake-vet-and-more/,"Coinbase perps shake-up hits KAITO, CAKE, VET and more","The affected tokens span several market areas, including AI, DeFi, gaming, infrastructure, and older layer-1 networks."
migini,2026-05-11,www.coindesk.com,medium,6,title_overlap_too_low|too_short_180,91,https://www.coindesk.com/markets/2026/05/11/new-fed-chair-base-s-azul-upgrade-corporate-earnings-crypto-week-ahead,"New Fed chair, Base's Azul upgrade, corporate earnings: Crypto Week Ahead",Senate Banking Committee markup scheduled for the Digital Asset Market Clarity Act of 2025.
ptkja6,2026-05-03,crypto.news,medium,5,title_overlap_too_low,756,https://crypto.news/crypto-market-recap-what-happened-today-5/,Crypto market recap: What happened today?,"On May 3, 2026, Senate negotiators brokered a compromise on the stablecoin rewards provision blocking the CLARITY Act, with Senators Thom Tillis and Angela Alsobrooks agreeing to language that restricts yield-like interest payments while preserving crypto platforms' ability to reward genuine network"
afw2y4,2026-05-06,coingeek.com,medium,5,title_overlap_too_low,758,https://coingeek.com/uk-sets-new-rules-for-fund-tokenization-under-current-regulations/,UK sets new rules for fund tokenization under current regulations,"The UK's Financial Conduct Authority published policy statement PS26/7 on April 30, 2026, establishing a formal framework that allows tokenized funds to operate within the existing regulatory regime rather than requiring new primary legislation. Key practical changes include permitting on-chain fund"
lx2hoo,2026-05-06,crypto.news,medium,5,title_overlap_too_low,220,https://crypto.news/rootdata-maps-30-hyperliquid-web3-partners-as-it-builds-an-on-chain-liquidity-os/,RootData maps 30 Hyperliquid Web3 partners as it builds an on-chain liquidity OS,"Custodians such as Anchorage Digital, BitGo, and Fireblocks, plus trading firms and exchanges like Bybit, trade.xyz, and IMC Trading, are helping plug larger institutional capital and market‑making into Hyperliquid’s L1."
hw609q,2026-05-06,www.chainalysis.com,medium,5,title_overlap_too_low,502,https://www.chainalysis.com/blog/blockchain-infrastructure-tradfi-tokenization/,Where to Build: A Data-Driven Guide to Blockchain Infrastructure for TradFi Tokenization,"Ethereum and its Layer-2 (L2) networks like Arbitrum and Base currently offer the strongest combination of institutional liquidity, low illicit exposure, and compliance tooling, making them a natural home for regulated assets like tokenized securities and money market funds. It possesses massive ins"
7ttins,2026-05-07,www.finextra.com,medium,5,title_overlap_too_low,255,https://www.finextra.com/pressarticle/109768/squads-raises-18m-to-build-stablecoin-operating-system,Squads raises $18m to build stablecoin operating system,"Squads today announced an $18 million strategic round led by Solana Ventures, with participation from Coinbase Ventures, Haun Ventures, L1D, Collab+Currency, Electric Capital, Placeholder, Jump Crypto, and Robot Ventures, bringing total funding to $42.9M."
6oi25l,2026-05-08,crypto.news,medium,5,title_overlap_too_low,529,https://crypto.news/sanders-calls-for-fed-rate-cuts-as-crypto-watches-policy-rift-widen/,Sanders calls for Fed rate cuts as crypto watches policy rift widen,"Acting U.S. Labor Secretary Sandlin publicly urged the Federal Reserve to consider lowering interest rates, placing a senior administration official in direct tension with a Fed leadership that has signaled continued patience amid sticky inflation and resilient labor data. Most economists now expect"
rvwy8x,2026-05-08,crypto.news,medium,5,title_overlap_too_low,277,https://crypto.news/metas-usdc-pilot-draws-fire-as-senator-warren-demands-stablecoin-transparency/,Meta’s USDC pilot draws fire as Senator Warren demands stablecoin transparency,"crypto.news That deal cleared a major hurdle for the sweeping digital asset market structure bill, which aims to create a federal regime for exchanges, token classification and stablecoin oversight and is now headed for a Banking Committee markup as soon as the week of May 11."
9m12bv,2026-05-08,www.coindesk.com,medium,5,title_overlap_too_low,555,https://www.coindesk.com/policy/2026/05/08/kraken-parent-goes-for-the-occ-charter-in-big-to-become-a-federal-crypto-bank,Kraken parent goes for the OCC charter in bid to become a federal crypto bank,"This week, the company also struck a $600 million deal to buy Hong Kong-based payments firm Reap Technologies , expanding Kraken’s push into stablecoin-powered cross-border payments and card infrastructure in Asia The proposed trust company would complement Kraken Financial, the Wyoming special purp"
8dcfhl,2026-05-08,www.fintechwrapup.com,medium,5,title_overlap_too_low,248,https://www.fintechwrapup.com/p/the-real-reason-cross-border-payments,"The real reason cross-border payments stay expensive - David Messenger (CEO of Global Businesses, Pingpong Payments)",We explore how global payments infrastructure is evolving beyond simple money movement into… Listen to this episode with a 7-day free trial Subscribe to Fintech Wrap Up to listen to this post and get 7 days of free access to the full post archives.
9sbtlm,2026-05-09,crypto.news,medium,5,title_overlap_too_low,236,https://crypto.news/jpmorgan-makes-ai-core-infrastructure-spending/,Why JPMorgan AI is no longer an experiment,"The bank has also launched its JPMD deposit token on public blockchain infrastructure, with its proprietary AI now managing JPMD flows and predicting when institutional clients will need liquidity before human traders identify the need."
7veomj,2026-05-02,www.esma.europa.eu,medium,4,site_nav,580,https://www.esma.europa.eu/press-news/esma-news/joint-committee-annual-report-highlights-digitalisation-cyber-resilience-and,"Joint Committee annual report highlights digitalisation, cyber resilience and sustainable finance as key priorities of 2025","The Joint Committee of the three European Supervisory Authorities — EBA, EIOPA, and ESMA — released its Annual Report for 2025, detailing cross-sectoral supervisory work carried out under EIOPA's chairmanship. The report identifies DORA implementation, sustainable finance disclosure effectiveness, a"
hy18e5,2026-05-02,www.esma.europa.eu,medium,4,site_nav,693,https://www.esma.europa.eu/press-news/esma-news/esma-launches-call-evidence-structure-european-equity-markets,ESMA launches a call for evidence on the structure of European equity markets,"ESMA has published a call for evidence examining how trading activity in European equity markets evolved between 2022 and 2025, drawing on MiFIR transaction reporting data. While overall addressable liquidity has held steady at around 85% of total volume, the regulator identified a notable shift awa"
kbm4rl,2026-05-04,coingeek.com,medium,4,site_nav,706,https://coingeek.com/prediction-markets-under-fire-as-insiders-game-the-system/,Prediction markets under fire as insiders game the system,"Prediction markets are facing simultaneous legal and integrity crises as insider trading charges, a congressional backlash, and an escalating federal-state jurisdictional dispute converge. The Department of Justice and the CFTC filed separate charges against a U.S. Special Forces soldier who alleged"
6c6h7j,2026-05-04,crypto.news,medium,4,site_nav,726,https://crypto.news/bitget-cfd-daily-volume-hits-record-8b-on-gold-surge/,Bitget CFD daily volume hits record $8B on gold surge,"Crypto exchange Bitget reported that single-day volume on its contracts-for-difference platform surpassed $8 billion, with gold-linked contracts accounting for roughly 95% of the incremental activity as traders rotated into precious metals amid geopolitical uncertainty, inflation concerns, and shift"
b9jz4e,2026-05-04,crypto.news,medium,4,site_nav,564,https://crypto.news/coinbase-urges-cftc-to-keep-prediction-markets-under-rules/,Coinbase urges CFTC to keep prediction markets under rules,"Coinbase submitted a formal letter to the CFTC on April 30 in response to the agency's Advance Notice of Proposed Rulemaking, arguing that event-based contracts already fall within the Commission's existing statutory authority and require no new legislative mandate to regulate. Chief Policy Officer "
kuyah8,2026-05-04,www.esma.europa.eu,medium,4,site_nav,491,https://www.esma.europa.eu/press-news/esma-news/esma-advances-simplification-eu-reporting-frameworks-funds-and-transactions,ESMA advances the simplification of EU reporting frameworks for funds and transactions,"ESMA published two complementary reports on 4 May 2026 setting out concrete steps to reduce the reporting burden on fund managers and transaction counterparties operating across EU markets. The funds report proposes replacing fragmented national reporting regimes with a single, harmonised EU templat"
7sabuz,2026-05-05,crypto.news,medium,4,site_nav,739,https://crypto.news/moscow-exchange-bets-bigger-on-crypto-with-sol-xrp-trx-and-bnb-indexes/,"Moscow Exchange bets bigger on crypto with SOL, XRP, TRX and BNB indexes","Moscow Exchange is set to launch four new cryptocurrency reference indexes — covering Solana, XRP, Tron, and BNB — on May 13, with pricing drawn from Binance (50% weight), Bybit (20%), OKX (15%), and Bitget (15%). The exchange will also shift all its digital asset benchmarks, including its existing "
ggmwpl,2026-05-05,www.bis.org,medium,4,site_nav,615,https://www.bis.org/review/r260504c.htm,Sanjay Malhotra: Indian financial markets - resilience and resurgence,"Reserve Bank of India Governor Sanjay Malhotra used a keynote address at the FIMMDA-PDAI Annual Conference in Amsterdam to outline a series of regulatory and market structure reforms aimed at deepening India's fixed income, derivatives, and foreign exchange markets. Key developments include the exte"
pxflp5,2026-05-05,www.bis.org,medium,4,site_nav,637,https://www.bis.org/review/r260505a.htm,"Piero Cipollone: Digital assets, payment efficiency and monetary policy","ECB Executive Board member Piero Cipollone delivered a speech at a joint ECB, Bank of Italy, and CEPR workshop in Rome on 4 May 2026, setting out the Eurosystem's strategic rationale for embedding tokenised central bank money at the centre of emerging DLT-based financial markets. He framed tokenisat"
fw24ie,2026-05-05,www.coindesk.com,medium,4,site_nav,543,https://www.coindesk.com/business/2026/05/05/different-voices-in-product-policy-and-hiring-change-crypto-outcomes-panelists-tell-consensus-miami,"Different voices in product, policy and hiring change crypto outcomes, panelists tell Consensus Miami","At Consensus Miami on Tuesday, senior executives from Mastercard, the Crypto Council for Innovation, and venture firm Clerisy described concrete instances where introducing outside or underrepresented perspectives shifted organizational decisions in crypto product design, regulatory strategy, and ta"
u0ty6v,2026-05-06,crypto.news,medium,4,site_nav,608,https://crypto.news/kelp-dao-moves-rseth-to-chainlink-ccip-as-layerzero-dispute-grows/,Kelp DAO moves rsETH to Chainlink CCIP as LayerZero dispute grows,"Kelp DAO announced it will migrate its rsETH liquid restaking token from LayerZero's OFT standard to Chainlink's Cross-Chain Interoperability Protocol following an April 18 exploit in which attackers drained 116,500 rsETH — worth approximately $292 million — from its LayerZero-powered bridge. The st"
e6x5eo,2026-05-06,www.coindesk.com,medium,4,site_nav,783,https://www.coindesk.com/policy/2026/05/06/crypto-custody-firm-taurus-granted-mifid-license-in-cyprus,Crypto custodian Taurus moves straight into EU capital markets with MiFID license in Cyprus,"Swiss crypto custody and tokenization firm Taurus has received a MiFID II investment license from the Cyprus Securities and Exchange Commission, giving it regulated access to EU capital markets for tokenized financial instruments. The license permits Taurus to provide investment services for tokeniz"
nucl4i,2026-05-06,www.coindesk.com,medium,4,site_nav,575,https://www.coindesk.com/business/2026/05/06/blockchain-com-launches-snapmarkets-as-prediction-markets-move-into-faster-crypto-bets,Blockchain.com launches SnapMarkets as prediction markets move into faster crypto bets,"Blockchain.com launched SnapMarkets, a platform allowing users to wager on bitcoin's 30-second price direction in $1 minimum increments, positioning it as a ""skill-based market"" rather than a derivative product. The rollout is deliberately restricted from U.S. and U.K. users, reflecting the legal se"
x7v52t,2026-05-06,www.coindesk.com,medium,4,site_nav,576,https://www.coindesk.com/policy/2026/05/06/nasdaq-s-president-says-the-sec-s-new-crypto-stance-is-letting-markets-build-again,Nasdaq's president says the SEC’s new crypto stance is letting markets 'build' again,"Nasdaq President Tal Cohen told attendees at Consensus Miami that a more proactive SEC posture has materially changed the operating environment for market infrastructure firms, shifting what he described as a former regulatory ""no-fly zone"" into a space where exchanges can experiment and scale. Cohe"
4i6asx,2026-05-07,crypto.news,medium,4,site_nav,660,https://crypto.news/swiss-bank-amina-brings-canton-coin-into-regulated-finance/,Swiss bank AMINA brings Canton Coin into regulated finance,"AMINA, a FINMA-regulated Swiss crypto bank, has begun offering custody and trading services for Canton Coin, making it the first bank supervised by Switzerland's financial regulator to do so. Canton Network, developed by Digital Asset and backed by institutions including Goldman Sachs, the DTCC, Vis"
b873y2,2026-05-07,www.chainalysis.com,medium,4,site_nav,554,https://www.chainalysis.com/blog/crypto-prediction-markets/,Crypto Prediction Markets Explained: How the Blockchain Is Reshaping Forecasting,"Chainalysis published an explainer documenting the rapid growth and evolving market structure of blockchain-based prediction markets, where participants trade binary contracts on real-world outcomes including elections, Federal Reserve decisions, and sports results using stablecoin-settled smart con"
iw2r6l,2026-05-07,www.finextra.com,medium,4,site_nav,349,https://www.finextra.com/pressarticle/109766/mastercard-and-yellow-card-target-stablecoin-payments-in-eemea,Mastercard and Yellow Card target stablecoin payments in EEMEA,"Mastercard and Yellow Card, a licensed stablecoin infrastructure provider operating primarily across Africa, with additional capabilities in select emerging markets, have announced a strategic partnership to accelerate stablecoin-enabled payment innovation across Eastern Europe, the Middle East, and"
kv6awm,2026-05-07,www.theblock.co,medium,4,site_nav,669,https://www.theblock.co/post/400436/crypto-etf-boom-continues-with-debut-of-first-fund-to-track-canton,Crypto ETF boom continues with debut of first fund to track Canton,"21Shares listed the TCAN ETF on Nasdaq on May 7, 2026, making it the first U.S. fund to offer direct exposure to Canton Coin, the native utility token of the Canton Network — a privacy-preserving blockchain built specifically for institutional capital markets use cases. The Canton Network counts Gol"
1qcu1g,2026-05-08,crypto.news,medium,4,site_nav,645,https://crypto.news/leading-trends-in-the-uk-currency-and-cryptocurrency-markets-in-2026/,Leading trends in the UK currency and cryptocurrency markets in 2026,"A sponsored analysis published by crypto.news, citing commentary from TradingPedia, argues that UK foreign exchange and cryptocurrency markets have converged around the same macroeconomic drivers in 2026, principally Bank of England rate expectations, inflation dynamics, and global liquidity conditi"
2pzyrn,2026-05-08,crypto.news,medium,4,site_nav,784,https://crypto.news/nagel-warns-iran-war-is-fueling-inflation-risks-as-ecb-stays-on-alert/,Nagel warns Iran war is fueling inflation risks as ECB stays on alert,"Bundesbank President Joachim Nagel, speaking in his capacity as an ECB Governing Council member, publicly stated that the central bank is ""highly vigilant"" to inflation risks stemming from the ongoing Iran war, warning that rising energy costs could spill over into broader consumer prices if left un"
5tjwsn,2026-05-08,crypto.news,medium,4,site_nav,735,https://crypto.news/coinbase-push-senate-to-loosen-manipulation-test-for-small-cap-token-listings/,Coinbase push Senate to loosen “manipulation” test for small-cap token listings,"Coinbase, Kraken, and Gemini submitted formal redlines to the Senate Agriculture Committee urging lawmakers to delete a requirement that registered digital commodity exchanges may only list tokens ""not readily susceptible to manipulation"" — a standard currently applied to futures and swaps markets u"
i2gy9y,2026-05-08,crypto.news,medium,4,site_nav,544,https://crypto.news/21shares-tcan-etf-brings-canton-network-exposure-to-u-s-investors/,21Shares TCAN ETF brings Canton Network exposure to U.S. investors,"21Shares launched TCAN on Nasdaq on May 7, 2026, structured as an ETF with a 0.50% gross expense ratio and designed to give U.S. investors listed-product access to Canton Coin, the native token of the Canton Network developed by Digital Asset. Canton is a privacy-enabled blockchain built specificall"
645ruw,2026-05-08,www.coindesk.com,medium,4,site_nav,625,https://www.coindesk.com/business/2026/05/08/ecb-s-lagarde-warns-tether-and-circle-stablecoins-risk-digital-dollarisation-in-europe,ECB's Lagarde’s digital euro warning: Why Europe shouldn’t just copy the U.S. stablecoin model,ECB President Christine Lagarde used a speech at the Bank of Spain's LatAm Economic Forum to argue that Europe should build tokenized settlement infrastructure anchored in central bank money rather than encouraging privately issued euro-denominated stablecoins. She warned that the $310 billion stabl
ukl45r,2026-05-08,www.coindesk.com,medium,4,site_nav,585,https://www.coindesk.com/markets/2026/05/08/coinbase-bulls-point-to-crypto-legislation-and-stablecoins-after-earnings-miss,Coinbase bulls point to crypto legislation and stablecoins after earnings miss,"Coinbase reported weaker-than-expected first-quarter revenue and adjusted EBITDA as crypto trading volumes softened, prompting several sell-side firms to cut price targets while maintaining divergent ratings on the stock. Bulls at JPMorgan, Clear Street, and Oppenheimer argued that growth in USDC st"
1rt2oq,2026-05-08,www.finextra.com,medium,4,site_nav,260,https://www.finextra.com/pressarticle/109771/unlimit-partners-with-decentro-to-boost-cross-border-payments-in-india,Unlimit partners with Decentro to boost cross-border payments in India,"Unlimit, the global financial infrastructure platform, today announced that Decentro, India’s leading fintech enabler, has integrated the platform’s universal operating layer to extend its cross-border payment capabilities into new markets and payment methods."
